id,name,country
1,Ntags,Indonesia
2,Yodo,Kosovo
3,Wikizz,Russia
4,Lazz,Yemen
5,Kwideo,Poland
6,Skajo,Japan
7,Gabtune,Canada
8,Gigashots,Indonesia
9,Voonte,Indonesia
10,Skipfire,Canada
11,Edgeblab,Venezuela
12,Tagtune,Philippines
13,Izio,Estonia
14,Yabox,China
15,Skipfire,Bolivia
16,Skilith,Indonesia
17,,Indonesia
18,Rooxo,United States
19,Latz,Philippines
20,Fliptune,France
21,Cogidoo,China
22,Ainyx,Philippines
23,Oyope,China
24,Meetz,Brazil
25,Talane,Sweden
26,Fanoodle,Afghanistan
27,Eazzy,China
28,Tazz,Nigeria
29,Meejo,Peru
30,Gabvine,Portugal
31,Realfire,New Zealand
32,Tagtune,Zimbabwe
33,Vinte,Philippines
34,Thoughtsphere,Philippines
35,BlogXS,
36,Miboo,Bosnia and Herzegovina
37,Twinder,China
38,Meevee,Portugal
39,Tanoodle,Russia
40,Flipstorm,Sweden
41,Omba,France
42,Layo,Ukraine
43,Tambee,China
44,Kazio,Marshall Islands
45,Roodel,Russia
46,Thoughtmix,United States
47,Voonte,United States
48,Jaxspan,Indonesia
49,Skajo,Poland
50,Eimbee,Russia
51,Blogtags,Nigeria
52,Feedfish,China
53,Devbug,Brazil
54,Quimba,El Salvador
55,LiveZ,Ukraine
56,Flipbug,Bosnia and Herzegovina
57,Youfeed,Brazil
58,Oyoyo,Mozambique
59,Trudeo,Laos
60,Bluezoom,Angola
61,Reallinks,China
62,Kimia,Indonesia
63,Jamia,Portugal
64,,Venezuela
65,Yoveo,Gabon
66,Eayo,Greece
67,Flashdog,Japan
68,Kanoodle,Macedonia
69,Eare,Iraq
70,Talane,Tanzania
71,Brainlounge,Macedonia
72,Brightbean,Japan
73,Twitternation,Philippines
74,Browsezoom,Mongolia
75,Realcube,Malaysia
76,Quatz,Finland
77,Camido,China
78,Wordify,Monaco
79,Skinte,China
80,Trilith,Brazil
81,Tagopia,San Marino
82,Zazio,Czech Republic
83,Teklist,United States
84,Quinu,Japan
85,Skalith,Serbia
86,Yadel,Japan
87,Kare,Brazil
88,Fatz,Tanzania
89,Yacero,Russia
90,Skynoodle,Indonesia
91,JumpXS,Argentina
92,Twimbo,Sweden
93,Browsezoom,France
94,Youopia,China
95,Jayo,Egypt
96,Mudo,Philippines
97,Dynava,Paraguay
98,Photobug,Bosnia and Herzegovina
99,Vimbo,United States
100,Rooxo,China
