id,name,email,phone,account_id
1,Alice Lynch,alynch0@netscape.com,86-(463)943-4123,56
2,Barbara Scott,bscott1@spiegel.de,7-(403)514-5934,91
3,Kevin Sims,ksims2@about.com,591-(690)507-5786,13
4,Martin Andrews,mandrews3@miibeian.gov.cn,55-(831)498-5528,90
5,Carl Snyder,csnyder4@army.mil,86-(195)893-4414,28
6,Howard Jenkins,hjenkins5@drupal.org,7-(517)162-9755,50
7,Ernest Walker,ewalker6@example.com,354-(500)305-8119,33
8,Jerry Ross,jross7@va.gov,86-(317)590-1384,62
9,Sarah Perry,sperry8@indiatimes.com,86-(663)992-8456,49
10,Gerald Bradley,gbradley9@businessweek.com,86-(294)250-2940,49
11,Rachel Meyer,rmeyera@webnode.com,62-(840)205-0405,45
12,Norma Hamilton,nhamiltonb@geocities.com,27-(107)587-5041,6
13,Antonio Rogers,arogersc@cafepress.com,63-(246)254-2974,10
14,Jerry Kim,jkimd@blogs.com,420-(259)551-5441,28
15,Ann Franklin,afrankline@mit.edu,86-(883)966-5354,57
16,Pamela Sanders,psandersf@hud.gov,20-(426)721-2388,19
17,Jerry Stevens,jstevensg@pen.io,380-(574)978-4929,28
18,Raymond Ward,rwardh@meetup.com,420-(718)363-0238,94
19,Amanda Lewis,alewisi@cmu.edu,359-(368)906-8199,24
20,Bobby Miller,bmillerj@about.com,81-(958)779-7830,58
21,Keith White,kwhitek@princeton.edu,46-(903)154-9653,32
22,Lillian Walker,lwalkerl@delicious.com,81-(963)430-4323,89
23,Michael Robertson,mrobertsonm@multiply.com,55-(956)871-8352,19
24,Kathleen Carter,kcartern@japanpost.jp,84-(945)457-9081,55
25,Sean Sullivan,ssullivano@usnews.com,86-(377)160-3265,52
26,Norma Bowman,nbowmanp@yale.edu,62-(302)137-5509,96
27,Louis Nguyen,lnguyenq@bizjournals.com,92-(204)788-9326,80
28,Judy Mason,jmasonr@utexas.edu,7-(941)301-1460,24
29,Brian Rivera,briveras@ameblo.jp,381-(914)988-8098,53
30,Frances Bowman,fbowmant@slideshare.net,31-(242)809-3173,30
31,Stephen Morrison,smorrisonu@ucoz.com,385-(635)935-9732,19
32,Lois Stevens,lstevensv@ftc.gov,381-(244)596-3333,82
33,Robert Mason,rmasonw@ow.ly,86-(392)722-2638,71
34,Dorothy Williams,dwilliamsx@fc2.com,7-(353)117-4783,33
35,Patrick Adams,padamsy@acquirethisname.com,62-(856)291-0046,12
36,Brandon Richards,brichardsz@reference.com,62-(723)833-8992,82
37,Billy Graham,bgraham10@nationalgeographic.com,1-(473)203-4291,61
38,Julie West,jwest11@bizjournals.com,62-(363)471-2021,10
39,Fred Bishop,fbishop12@aol.com,7-(454)479-2576,53
40,Andrew Porter,aporter13@bigcartel.com,62-(686)630-3107,62
41,Steve Mason,smason14@jigsy.com,51-(310)245-6751,6
42,Arthur Barnes,abarnes15@stumbleupon.com,223-(863)863-4145,48
43,Bobby Carter,bcarter16@upenn.edu,81-(702)117-9877,96
44,Andrea Anderson,aanderson17@spiegel.de,33-(697)837-1755,30
45,Patricia Bowman,pbowman18@earthlink.net,63-(553)303-8838,60
46,Roger Willis,rwillis19@themeforest.net,55-(396)512-4402,2
47,Thomas Lopez,tlopez1a@examiner.com,46-(102)630-0555,2
48,Martin Kim,mkim1b@buzzfeed.com,967-(594)612-1415,72
49,Justin Mitchell,jmitchell1c@printfriendly.com,86-(398)150-2858,16
50,Craig Hart,chart1d@google.com.br,66-(154)917-8443,11
51,Debra Warren,dwarren1e@auda.org.au,62-(426)925-1089,97
52,Jessica Bailey,jbailey1f@psu.edu,63-(292)778-5085,21
53,Steve Kelley,skelley1g@blogs.com,7-(902)624-6567,58
54,Russell Snyder,rsnyder1h@forbes.com,261-(748)982-2552,89
55,Carlos Watkins,cwatkins1i@networkadvertising.org,353-(970)152-4991,71
56,Emily Banks,ebanks1j@stanford.edu,502-(555)424-5909,95
57,Kathleen Grant,kgrant1k@sphinn.com,48-(856)368-0944,44
58,Jonathan Robinson,jrobinson1l@shinystat.com,86-(303)514-3079,71
59,Brandon Jackson,bjackson1m@webs.com,48-(826)699-3818,50
60,Catherine Russell,crussell1n@nasa.gov,86-(871)467-8660,32
61,George Morales,gmorales1o@alexa.com,55-(811)841-1753,19
62,Stephanie Butler,sbutler1p@fotki.com,81-(638)243-3861,99
63,Laura Howell,lhowell1q@list-manage.com,62-(529)139-7493,5
64,Jack Mcdonald,jmcdonald1r@shareasale.com,380-(235)773-4324,79
65,Angela Hart,ahart1s@a8.net,351-(599)363-3496,32
66,Marie Mason,mmason1t@alibaba.com,84-(755)460-8061,59
67,Russell Hamilton,rhamilton1u@marriott.com,7-(454)946-8408,42
68,Marie Martinez,mmartinez1v@youku.com,351-(710)563-0553,46
69,Helen Hamilton,hhamilton1w@is.gd,46-(652)117-0619,7
70,Teresa Stewart,tstewart1x@merriam-webster.com,235-(183)480-4000,82
71,Eric Wheeler,ewheeler1y@google.pl,62-(406)532-4529,94
72,Gregory Green,ggreen1z@blinklist.com,598-(287)188-2902,48
73,Janice Medina,jmedina20@ustream.tv,86-(868)703-3904,77
74,Christine Castillo,ccastillo21@netlog.com,86-(108)759-7899,69
75,Jack Webb,jwebb22@t-online.de,62-(669)394-7085,50
76,Maria Stevens,mstevens23@tuttocitta.it,63-(872)504-6278,68
77,Ryan Ward,rward24@digg.com,380-(891)282-4217,35
78,Janice Chapman,jchapman25@discovery.com,55-(608)677-9471,73
79,Julie Harvey,jharvey26@google.it,380-(716)228-6296,47
80,Andrew Washington,awashington27@ask.com,33-(172)289-3663,66
81,Ryan Mills,rmills28@example.com,63-(751)724-3712,72
82,Ralph King,rking29@csmonitor.com,62-(499)886-1013,84
83,Cheryl Murray,cmurray2a@51.la,63-(616)601-6956,58
84,Lori Bowman,lbowman2b@bandcamp.com,31-(106)621-9078,72
85,Janet Hunt,jhunt2c@reuters.com,86-(660)973-6627,28
86,Janet Sullivan,jsullivan2d@etsy.com,62-(615)622-5393,71
87,Rose Long,rlong2e@php.net,84-(873)670-9517,8
88,Nicholas Larson,nlarson2f@mozilla.org,232-(818)870-3373,39
89,Tammy Tucker,ttucker2g@wp.com,20-(311)861-6824,79
90,Annie Freeman,afreeman2h@dailymotion.com,86-(556)149-8854,72
91,Douglas Frazier,dfrazier2i@dropbox.com,7-(943)471-3636,35
92,Steven Murray,smurray2j@wikipedia.org,46-(186)350-8281,25
93,Larry Reyes,lreyes2k@amazon.com,46-(409)502-7810,98
94,Harry Miller,hmiller2l@imgur.com,55-(240)920-5254,55
95,Elizabeth Richards,erichards2m@tumblr.com,63-(295)781-9494,23
96,Philip Ramirez,pramirez2n@mlb.com,242-(591)338-8587,1
97,Jose Phillips,jphillips2o@miibeian.gov.cn,356-(604)341-5293,88
98,James Ortiz,jortiz2p@boston.com,7-(809)710-6281,33
99,Jerry Fields,jfields2q@acquirethisname.com,62-(221)139-4687,65
100,Henry Chavez,hchavez2r@exblog.jp,86-(431)439-7048,11
101,Lori Carter,lcarter2s@example.com,351-(302)882-7083,14
102,Judith Fernandez,jfernandez2t@macromedia.com,256-(760)669-2343,46
103,Carol Hawkins,chawkins2u@google.ca,420-(482)939-7012,41
104,Deborah Cruz,dcruz2v@ucoz.ru,7-(467)801-5264,51
105,Gregory Price,gprice2w@nyu.edu,420-(482)557-3777,51
106,Lillian Collins,lcollins2x@hatena.ne.jp,63-(128)309-0913,57
107,Ashley Wheeler,awheeler2y@youku.com,86-(285)281-0628,29
108,Tina Hughes,thughes2z@telegraph.co.uk,216-(382)454-1930,78
109,Anne King,aking30@1und1.de,221-(581)813-0271,6
110,Christopher Hill,chill31@globo.com,61-(525)283-6321,43
111,Charles Cooper,ccooper32@com.com,86-(837)673-3074,33
112,Jack Holmes,jholmes33@earthlink.net,57-(833)440-8183,85
113,Michelle Riley,mriley34@webs.com,351-(728)379-2689,83
114,Phyllis Banks,pbanks35@webnode.com,63-(706)385-2080,18
115,Scott Howard,showard36@so-net.ne.jp,968-(368)391-6620,7
116,Arthur White,awhite37@shop-pro.jp,86-(241)666-7380,2
117,Paula Smith,psmith38@weebly.com,46-(620)834-8424,4
118,Brian Simmons,bsimmons39@businesswire.com,81-(628)384-9632,53
119,Jonathan Oliver,joliver3a@unc.edu,254-(514)699-2058,47
120,Jennifer Simpson,jsimpson3b@economist.com,1-(772)852-6844,53
121,Melissa Tucker,mtucker3c@wunderground.com,86-(433)158-4376,28
122,Nicholas Alexander,nalexander3d@networksolutions.com,54-(863)794-3673,77
123,Russell Hunter,rhunter3e@spiegel.de,62-(369)850-9535,66
124,Angela Ellis,aellis3f@guardian.co.uk,62-(930)170-0823,17
125,Howard Foster,hfoster3g@godaddy.com,63-(964)385-0582,25
126,Roy Lane,rlane3h@loc.gov,30-(202)686-4279,67
127,Emily James,ejames3i@livejournal.com,1-(129)210-2484,73
128,Wanda Jenkins,wjenkins3j@about.com,351-(502)561-5300,43
129,Marilyn Hernandez,mhernandez3k@altervista.org,62-(640)514-5909,45
130,Chris Palmer,cpalmer3l@ocn.ne.jp,63-(563)284-0546,5
131,Matthew Cunningham,mcunningham3m@europa.eu,63-(479)404-7939,12
132,Jonathan Hernandez,jhernandez3n@blog.com,216-(292)424-8052,73
133,Peter Ward,pward3o@reuters.com,420-(161)296-0251,36
134,Benjamin Gonzalez,bgonzalez3p@github.io,86-(333)694-6129,8
135,Robin Nichols,rnichols3q@cbc.ca,7-(769)879-4747,24
136,Rose Allen,rallen3r@hp.com,39-(263)687-0997,67
137,Lisa Daniels,ldaniels3s@indiegogo.com,86-(796)201-2647,42
138,Lawrence Palmer,lpalmer3t@sbwire.com,57-(388)696-1914,11
139,Kathryn Williams,kwilliams3u@i2i.jp,49-(632)121-1872,60
140,Marilyn Gomez,mgomez3v@photobucket.com,55-(552)989-3603,46
141,Andrea Reyes,areyes3w@mozilla.org,54-(432)380-1523,70
142,Christopher Peters,cpeters3x@ebay.co.uk,86-(845)383-2065,79
143,John Grant,jgrant3y@senate.gov,63-(674)619-7408,53
144,Sharon Reynolds,sreynolds3z@techcrunch.com,62-(791)372-2594,26
145,Clarence Bradley,cbradley40@reference.com,86-(347)745-2498,39
146,Victor Gonzalez,vgonzalez41@pen.io,385-(878)996-8855,96
147,Elizabeth Gonzalez,egonzalez42@sfgate.com,57-(729)297-0444,79
148,Louise Price,lprice43@hugedomains.com,43-(630)876-0725,75
149,Deborah Welch,dwelch44@vinaora.com,375-(331)575-3291,70
150,Ashley Ramirez,aramirez45@telegraph.co.uk,7-(636)344-9838,74
151,Doris Lopez,dlopez46@nba.com,46-(974)179-7638,13
152,Debra Barnes,dbarnes47@goodreads.com,598-(802)247-0789,60
153,Steven Romero,sromero48@ask.com,48-(406)309-9793,15
154,Judith Gonzalez,jgonzalez49@quantcast.com,63-(334)357-8669,37
155,Scott Kelly,skelly4a@marriott.com,690-(596)964-4791,6
156,Jesse Welch,jwelch4b@admin.ch,691-(539)458-9745,11
157,Jonathan Johnson,jjohnson4c@parallels.com,380-(284)447-5876,35
158,Ralph Kim,rkim4d@1und1.de,1-(515)806-1886,13
159,Joyce Thomas,jthomas4e@uiuc.edu,86-(858)131-8169,27
160,Philip Kelley,pkelley4f@psu.edu,234-(798)931-3677,82
161,Harold Fields,hfields4g@tiny.cc,55-(823)306-1358,74
162,Randy Taylor,rtaylor4h@rambler.ru,62-(677)661-2261,4
163,Richard Cooper,rcooper4i@engadget.com,86-(875)709-3835,16
164,Paul Harper,pharper4j@t-online.de,86-(205)352-8848,41
165,Heather Young,hyoung4k@patch.com,33-(737)525-7268,20
166,Tina Williamson,twilliamson4l@mail.ru,46-(735)481-1428,23
167,Todd Martinez,tmartinez4m@omniture.com,48-(111)516-4563,34
168,Catherine Morrison,cmorrison4n@samsung.com,502-(447)466-7987,86
169,Philip Russell,prussell4o@narod.ru,1-(786)429-9294,16
170,Robert Foster,rfoster4p@baidu.com,51-(535)737-2294,76
171,Frank Lynch,flynch4q@multiply.com,63-(706)415-1811,37
172,Donald Jenkins,djenkins4r@comcast.net,692-(165)380-6413,52
173,Howard Hawkins,hhawkins4s@mozilla.com,48-(427)235-1492,51
174,Jeremy Powell,jpowell4t@opensource.org,961-(703)869-9034,29
175,Jose Duncan,jduncan4u@hostgator.com,62-(802)627-4434,1
176,Judy Smith,jsmith4v@examiner.com,855-(178)405-4878,84
177,Stephanie Bishop,sbishop4w@behance.net,86-(403)314-3425,52
178,Arthur Robertson,arobertson4x@newyorker.com,63-(178)352-9626,8
179,Betty Wallace,bwallace4y@dropbox.com,46-(313)164-0481,44
180,Justin Gordon,jgordon4z@live.com,81-(678)644-1002,69
181,Ruby Lewis,rlewis50@cnet.com,84-(404)794-8194,69
182,Juan Rogers,jrogers51@stanford.edu,62-(651)277-8057,15
183,Todd Cole,tcole52@nationalgeographic.com,46-(309)601-3837,74
184,Gerald Greene,ggreene53@dion.ne.jp,81-(644)894-7893,30
185,Michael Stevens,mstevens54@intel.com,1-(979)786-8712,100
186,Christopher Alvarez,calvarez55@lulu.com,63-(922)483-9430,40
187,Randy Nguyen,rnguyen56@list-manage.com,62-(664)102-8596,51
188,Harold Olson,holson57@homestead.com,387-(295)165-3386,99
189,Walter Ross,wross58@google.de,233-(658)808-8617,44
190,Patrick Ortiz,portiz59@cpanel.net,385-(375)231-5447,80
191,William Wheeler,wwheeler5a@constantcontact.com,47-(785)365-8202,93
192,Christina Lewis,clewis5b@msn.com,1-(719)944-2442,34
193,Kimberly Cox,kcox5c@reuters.com,7-(833)823-4190,2
194,Judith Andrews,jandrews5d@trellian.com,62-(629)157-7491,94
195,Bobby Gardner,bgardner5e@angelfire.com,1-(303)697-7398,15
196,Kathleen Turner,kturner5f@printfriendly.com,86-(378)466-4792,97
197,Cheryl Reyes,creyes5g@geocities.jp,48-(826)481-7138,6
198,Eric Banks,ebanks5h@army.mil,48-(411)384-6245,87
199,Angela Burns,aburns5i@rambler.ru,86-(282)991-5676,95
200,Mildred Owens,mowens5j@com.com,62-(245)764-7474,39
