firstname,lastname,city,address,zip,email,phone,fax
Travis,Hutchinson,Vacaville,P.O. Box 118 166 Ut St.,C9L 8A0,Nulla@lorem.ca,1-937-995-5722,1-316-257-2573
Miranda,Page,Scottsbluff,7496 Malesuada. Ave,D8X 1E5,mauris@dis.ca,1-472-534-0166,1-903-689-3664
Sacha,Leblanc,Half Moon Bay,8996 Lectus Ave,14751,adipiscing@estvitae.edu,1-717-610-3096,1-761-515-4843
Perry,Mccray,Pullman,5754 Justo. St.,K1E 1E9,consectetuer.rhoncus.Nullam@quam.com,1-170-685-8307,1-834-400-5956
Faith,Miranda,Salt Lake City,Ap #255-1500 Integer Av.,25795,lorem.ut@Vestibulum.edu,1-290-544-5404,1-167-731-4036
Roth,Mack,Butte,Ap #942-3617 Luctus. Rd.,15016,Curabitur.egestas@sit.edu,1-240-717-1222,1-680-295-6650
Jordan,Oliver,Myrtle Beach,P.O. Box 984 3535 Vehicula Av.,Z4L 4K1,fringilla.Donec@sem.com,1-531-650-1276,1-323-871-0754
Myles,Snow,Stockton,P.O. Box 614 3844 Pellentesque Street,J7X 7W4,nunc@montesnascetur.org,1-379-666-8633,1-101-914-0683
Anastasia,Landry,Eugene,Ap #196-3328 Ornare Road,Q1Q 4Y2,interdum@dignissim.ca,1-480-681-0888,1-283-567-2705
Hyacinth,Bowen,Dearborn,Ap #855-6164 Sem. St.,55035,mauris.elit.dictum@IncondimentumDonec.edu,1-552-497-0698,1-752-871-8294
Tobias,Klein,Barrow,Ap #690-754 Morbi Av.,J1X 9H3,convallis.convallis.dolor@suscipitest.ca,1-335-622-6056,1-641-640-2006
Jasper,Chaney,Mandan,3380 Lectus Rd.,G9M 5H9,Fusce@nec.org,1-831-357-6507,1-662-826-2097
Eleanor,Villarreal,Dover,P.O. Box 900 7248 Imperdiet St.,R3G 1M5,luctus.ut@massa.com,1-979-251-8828,1-658-830-0275
Sylvia,Beasley,Sault Ste. Marie,568-7737 Vulputate Rd.,60440,arcu.imperdiet.ullamcorper@et.ca,1-544-123-3246,1-194-174-6193
Madeline,Mclaughlin,Kingston,Ap #832-595 Odio. St.,39283,mollis@lobortisultricesVivamus.com,1-234-175-8219,1-245-797-8458
Damon,Vargas,Saint Albans,P.O. Box 845 8745 Amet Ave,52086,aliquet@arcu.ca,1-390-857-7352,1-844-729-5373
Eagan,Frazier,Ocean City,505-7554 Eget St.,45845,quam.elementum@nequeNullam.com,1-961-409-6040,1-883-146-2809
Fulton,Levine,Moraga,P.O. Box 829 344 A Avenue,13585,et.netus.et@hendreritDonec.ca,1-856-787-1509,1-693-254-1721
Ferris,Joyner,Leominster,P.O. Box 801 1432 Erat Street,J9J 9Q0,egestas.urna.justo@Maecenas.com,1-293-509-9172,1-307-890-8613
Aline,Casey,Oneonta,Ap #841-2137 Tellus Av.,16110,adipiscing.lobortis@inlobortistellus.com,1-786-864-6623,1-854-923-7929
