SMITH|129
JOHNSON|90
WILLIAMS|87
BROWN|82
JONES|68
THOMAS|46
DAVIS|44
LEE|44
MARTIN|42
MILLER|40
ANDERSON|38
WHITE|37
MOORE|35
HARRIS|33
TAYLOR|31
THOMPSON|31
JACKSON|30
HALL|29
LEWIS|27
ROBINSON|27
WRIGHT|27
KING|25
BAKER|24
NELSON|24
SCOTT|24
WALKER|24
CLARK|22
WILSON|22
CAMPBELL|21
PHILLIPS|21
TURNER|21
ALLEN|20
MORRIS|20
GARCIA|19
MARTINEZ|19
YOUNG|19
ADAMS|18
COLLINS|18
GREEN|18
PARKER|18
ALEXANDER|17
CARTER|17
GONZALEZ|17
HILL|17
MORGAN|17
ROBERTS|17
COX|16
EVANS|16
KELLY|16
OBRIEN|16
RODRIGUEZ|16
BAILEY|15
BENNETT|15
EDWARDS|15
FISHER|15
MYERS|15
JENKINS|14
KIM|14
MURPHY|14
NGUYEN|14
PATEL|14
PRICE|14
TUCKER|14
BOYD|13
CHAPMAN|13
COHEN|13
COOK|13
FORD|13
HARRISON|13
MASON|13
MURRAY|13
ROSS|13
STEWART|13
SULLIVAN|13
BRYANT|12
DIAZ|12
FOSTER|12
HUGHES|12
JAMES|12
MATTHEWS|12
MCDONALD|12
OCONNOR|12
PATTERSON|12
POWELL|12
REID|12
RICHARDSON|12
ROGERS|12
SANCHEZ|12
SHAW|12
WARD|12
WEST|12
BELL|11
BROOKS|11
DUNCAN|11
GRANT|11
HAMILTON|11
HOFFMAN|11
MILLS|11
PERRY|11
REED|11
SHAPIRO|11
WALSH|11
WASHINGTON|11
WOOD|11
BLACK|10
CARROLL|10
COLEMAN|10
GORDON|10
GRAY|10
HENDERSON|10
HERNANDEZ|10
HICKS|10
JENSEN|10
LOPEZ|10
MARSHALL|10
MITCHELL|10
PARK|10
PAYNE|10
PEREZ|10
RAMIREZ|10
WATSON|10
WILLIAMSON|10
BARNES|9
BATES|9
BUTLER|9
BYRD|9
COOPER|9
FLORES|9
GARDNER|9
HARVEY|9
HOLMES|9
HOWARD|9
JORDAN|9
KENNEDY|9
LARSON|9
LEVY|9
LONG|9
MCCARTHY|9
MORALES|9
REYNOLDS|9
RICHARDS|9
RUSSELL|9
RYAN|9
STONE|9
WADE|9
WEISS|9
WELCH|9
WHEELER|9
WOODS|9
AUSTIN|8
BANKS|8
BRADLEY|8
BURKE|8
COLE|8
CRUZ|8
CUNNINGHAM|8
FITZGERALD|8
GILBERT|8
HAYES|8
HENDRICKS|8
HUNTER|8
KNIGHT|8
LANE|8
LAWRENCE|8
LEVIN|8
LUCAS|8
LYNCH|8
MANN|8
OLSON|8
ONEILL|8
ORTIZ|8
OWENS|8
PETERSON|8
PIERCE|8
PORTER|8
RIVERA|8
ROBBINS|8
ROBERTSON|8
ROSE|8
SAMUELS|8
SCHROEDER|8
SIMMONS|8
SNYDER|8
WAGNER|8
WATKINS|8
WEAVER|8
WILLIS|8
WOLF|8
WONG|8
ARMSTRONG|7
BOONE|7
CALLAHAN|7
FERGUSON|7
FOX|7
GRAHAM|7
GRIFFIN|7
HART|7
HAWKINS|7
HINES|7
HOLLAND|7
HORN|7
JIMENEZ|7
KLEIN|7
MAXWELL|7
MORRISON|7
OSBORNE|7
SCHMIDT|7
STERN|7
WALLACE|7
WALLER|7
WALTON|7
WEBB|7
WELLS|7
YANG|7
BALDWIN|6
BALL|6
BOND|6
BOOTH|6
BURNS|6
CARR|6
CHAMBERS|6
CHANG|6
CHEN|6
DAVIDSON|6
DOMINGUEZ|6
DOYLE|6
DUNN|6
ELLIS|6
EWING|6
FRANKLIN|6
FREEMAN|6
GEORGE|6
GUTIERREZ|6
HIGGINS|6
HOWELL|6
JENNINGS|6
KELLER|6
LIU|6
MAYS|6
MCLAUGHLIN|6
MOSS|6
MUELLER|6
NEWMAN|6
NICHOLS|6
NORRIS|6
PADILLA|6
RAY|6
SANTIAGO|6
SANTOS|6
SCHWARTZ|6
SHELTON|6
SHERMAN|6
SIMS|6
SPARKS|6
STANLEY|6
STEPHENS|6
STEVENS|6
VALENTINE|6
WANG|6
WARNER|6
WATTS|6
WEBER|6
ABRAHAM|5
ACKERMAN|5
ADLER|5
ALVAREZ|5
ANDRADE|5
ANDREWS|5
BARKER|5
BARNETT|5
BECK|5
BECKER|5
BERRY|5
BRADY|5
BRENNAN|5
BRIGGS|5
BUCHANAN|5
CALDWELL|5
CRAIG|5
CRANE|5
CRAWFORD|5
CURRAN|5
CURTIS|5
DALY|5
DAY|5
DEAN|5
DENNIS|5
DOHERTY|5
DONNELLY|5
DORSEY|5
DOUGLAS|5
ELLIOTT|5
FINCH|5
FINK|5
FLETCHER|5
FOWLER|5
FROST|5
FULLER|5
GARVIN|5
GIBSON|5
GILL|5
GOLDBERG|5
GOMEZ|5
HARPER|5
HARRINGTON|5
HASAN|5
HEALY|5
HENRY|5
HERRERA|5
HIRSCH|5
HO|5
HOPKINS|5
HUBBARD|5
HUDSON|5
HUNT|5
JOHNSTON|5
KANE|5
KANG|5
KAPLAN|5
KATZ|5
LARSEN|5
LAU|5
LIN|5
LONDON|5
LYONS|5
MACK|5
MCCOY|5
MCKENZIE|5
MCMAHON|5
MILES|5
MONROE|5
MORAN|5
NORMAN|5
PALMER|5
PARRISH|5
PECK|5
PENA|5
PERKINS|5
PETERS|5
PRATT|5
QUICK|5
QUINN|5
RAMOS|5
RHODES|5
RICE|5
RICHARD|5
ROSEN|5
ROTH|5
ROY|5
RUSSO|5
SANDERS|5
SCHNEIDER|5
SHAFFER|5
SIMON|5
SIMPSON|5
SOLOMON|5
SPIEGEL|5
STEELE|5
STEPHENSON|5
THOMSON|5
TORRES|5
TRAN|5
VINCENT|5
WARREN|5
WILKINS|5
ABBOTT|4
ADKINS|4
AGUILAR|4
ALI|4
ARTHUR|4
BARRON|4
BASS|4
BEACH|4
BENDER|4
BERGER|4
BLUE|4
BRAND|4
BROUSSARD|4
BURNETT|4
BURTON|4
BYRNE|4
CAHILL|4
CANNON|4
CAREY|4
CASEY|4
CASTRO|4
CHANDLER|4
CHAVEZ|4
CLAY|4
COLLIER|4
COLON|4
CORREA|4
COSTELLO|4
CUMMINGS|4
DANIELS|4
DEVINE|4
DILLARD|4
DILLON|4
DIXON|4
DOLAN|4
DONALDSON|4
DOWDY|4
DOWNING|4
DRAKE|4
EISNER|4
ELLINGTON|4
ENNIS|4
ERICKSON|4
FABER|4
FITZPATRICK|4
FLEMING|4
FLYNN|4
FOLEY|4
FRANCO|4
FRANK|4
FRANKS|4
FRASER|4
FRAZIER|4
FUENTES|4
GARNER|4
GATES|4
GIBBONS|4
GLENN|4
GOLDSTEIN|4
GOODWIN|4
GRAVES|4
GREER|4
GRIMES|4
GUPTA|4
GUTHRIE|4
GUZMAN|4
HALE|4
HAMMOND|4
HARMON|4
HARTMAN|4
HASH|4
HAYNES|4
HENDRICKSON|4
HERMAN|4
HOLT|4
HOOVER|4
HOROWITZ|4
HUBER|4
INGRAM|4
JAEGER|4
JOYCE|4
KELLEY|4
KEMPER|4
KENDRICK|4
KENT|4
KRAUSS|4
KRUGER|4
LANG|4
LEVINE|4
LI|4
LINDSEY|4
LINTON|4
MAHONEY|4
MCCAULEY|4
MCCLURE|4
MCPHERSON|4
MENDEZ|4
MEYER|4
MOON|4
MOONEY|4
MORSE|4
MORTON|4
MULLINS|4
MUNOZ|4
NUNEZ|4
OCONNELL|4
PARKS|4
PATTON|4
PEARSON|4
PENNINGTON|4
PETTY|4
PINCKNEY|4
POLLARD|4
PURDY|4
RANDALL|4
RANDOLPH|4
RAO|4
REESE|4
REEVES|4
RICHTER|4
RITCHIE|4
RIVERS|4
ROACH|4
ROBISON|4
ROCHE|4
ROSENBERG|4
SALAZAR|4
SHARP|4
SOTO|4
SPRINGER|4
SUTTON|4
SWANN|4
TEETER|4
THORNTON|4
TIDWELL|4
TILLMAN|4
VILLANUEVA|4
WALDEN|4
WETZEL|4
WHITMAN|4
WIGGINS|4
WILKINSON|4
WOODARD|4
YEE|4
YU|4
ZIMMERMAN|4
ALLISON|3
ALTMAN|3
ANTHONY|3
ARNOLD|3
ASHFORD|3
ATKINSON|3
AVERY|3
AVILA|3
BALLARD|3
BARBER|3
BARRY|3
BASKERVILLE|3
BATTLE|3
BENSON|3
BERG|3
BERNARD|3
BISHOP|3
BLACKBURN|3
BLAND|3
BLOCK|3
BOLAND|3
BONNER|3
BOWEN|3
BOWERS|3
BOWMAN|3
BRANDT|3
BREWER|3
BRIDGES|3
BROCK|3
BUCKLEY|3
BULLOCK|3
BURDICK|3
BURGESS|3
BURKS|3
BURSON|3
BYERS|3
CAMERON|3
CANAVAN|3
CARLSON|3
CARMICHAEL|3
CARSON|3
CARTWRIGHT|3
CASTELLANOS|3
CASTILLO|3
CASTLE|3
CERF|3
CHAN|3
CHANEY|3
CHAPIN|3
CHARLES|3
CHASE|3
CHRISTIAN|3
CLARKE|3
COATES|3
COBB|3
COFIELD|3
CONNELLY|3
CONNOLLY|3
CONSTANTINE|3
CONWAY|3
COPELAND|3
COTTER|3
CRAMER|3
CURRY|3
DALTON|3
DANIEL|3
DARBY|3
DELUCA|3
DEMPSEY|3
DENNEY|3
DOBSON|3
DODD|3
DONOVAN|3
DOOLEY|3
DOTSON|3
DOUGHERTY|3
DOVE|3
DOZIER|3
DUFFY|3
DUFRESNE|3
DUGGAN|3
ECHOLS|3
ENGEL|3
EPSTEIN|3
ESPINOSA|3
ESPOSITO|3
FARMER|3
FERRELL|3
FIELDS|3
FISHMAN|3
FLANAGAN|3
FLOWERS|3
FLOYD|3
FORMAN|3
FORTNER|3
FREDERICK|3
FREEH|3
FRIEDMAN|3
FUNK|3
GALLAGHER|3
GALLOWAY|3
GARNETT|3
GARRETT|3
GEE|3
GEITHNER|3
GODFREY|3
GOLD|3
GOSS|3
GREGORY|3
GRIMM|3
GROSSMAN|3
GUERRA|3
GUEVARA|3
GUNDY|3
HAGGERTY|3
HANCOCK|3
HANNA|3
HANSEN|3
HARDY|3
HARRISJR|3
HAYWOOD|3
HEALEY|3
HEATH|3
HERLIHY|3
HETTINGER|3
HEWITT|3
HOBBS|3
HODGES|3
HOGAN|3
HOLDER|3
HOLLEY|3
HOOD|3
HOOKS|3
HORTON|3
HOUSTON|3
HSU|3
HUEBNER|3
HYATT|3
IRWIN|3
JACOBS|3
JACOBSON|3
JASSOROTUNNO|3
JEAN|3
JEFFERSON|3
JUNG|3
KAUFFMAN|3
KAUFMAN|3
KAUR|3
KEITH|3
KENNEY|3
KERRY|3
KESSLER|3
KRAMER|3
KRAUSE|3
KUMAR|3
LAM|3
LAMBERT|3
LANDRY|3
LANGE|3
LANGLEY|3
LAWSON|3
LAZARUS|3
LE|3
LEACH|3
LEON|3
LEONARD|3
LESTER|3
LITTLE|3
LLOYD|3
LOCKE|3
LOCKHART|3
LOVE|3
LOWE|3
LOWERY|3
LYLES|3
MABRY|3
MACDONALD|3
MACKEY|3
MAGEE|3
MALONE|3
MARQUEZ|3
MARQUIS|3
MATTINGLY|3
MAYNARD|3
MAYNE|3
MCCAIN|3
MCCORMICK|3
MCCULLOUGH|3
MCFADDEN|3
MCGRATH|3
MCGRAW|3
MCGUIRE|3
MCKAY|3
MCNAMEE|3
MCNEIL|3
MEEKS|3
MELTON|3
MELVIN|3
MENSAH|3
MERCER|3
MERCHANT|3
MEYERS|3
MICHAUD|3
MIRANDA|3
MISHRA|3
MONTOYA|3
MOOREHEAD|3
MORENO|3
MOYER|3
MUNDACA|3
NEAL|3
NEGRON|3
NICHOLSON|3
NIXON|3
NOWAK|3
NOWLIN|3
OAKLEY|3
ODONNELL|3
OH|3
OKEEFE|3
OLIVER|3
OLSEN|3
ONEAL|3
ONEIL|3
OREILLY|3
PAGE|3
PAIGE|3
PARISH|3
PATRICK|3
PHAM|3
PICKARD|3
PIPER|3
POPE|3
POTTS|3
PRINCE|3
PROCTOR|3
RAGGIO|3
RAMSEY|3
RASMUSSEN|3
RAYMOND|3
REIDY|3
RENDA|3
RESNICK|3
RICH|3
RIGGS|3
RIORDAN|3
RIOS|3
ROBERT|3
ROSCOE|3
RUIZ|3
SACHS|3
SANDWEG|3
SAPP|3
SARGENT|3
SCHILLING|3
SCHULTZ|3
SHAH|3
SHIELDS|3
SHULMAN|3
SIEGEL|3
SILL|3
SILVERS|3
SINGER|3
SKINNER|3
SONG|3
SPEARS|3
SPENCER|3
SPURGEON|3
STANTON|3
STAPLES|3
STEEL|3
STOKES|3
SUMNER|3
SUTHERLAND|3
SWANSON|3
TARANSKY|3
TATE|3
TERRELL|3
TERRY|3
TIBBITS|3
TIERNEY|3
TODD|3
TOWNSEND|3
TOZER|3
TREADWELL|3
TROUTMAN|3
TUBBS|3
VALDEZ|3
VANCE|3
VARGAS|3
VELEZ|3
WALL|3
WALTER|3
WALTERS|3
WARE|3
WEIDNER|3
WEINBERG|3
WEINTRAUB|3
WERNER|3
WHELAN|3
WHITCOMB|3
WHITMORE|3
WILCOX|3
WILEY|3
WILLETT|3
WINSLOW|3
WINSTON|3
WISE|3
WYNN|3
ZHANG|3
ABEBE|2
ABELE|2
ABERNATHY|2
ABT|2
ACOSTA|2
ADAIR|2
ADAWAY|2
ADELMAN|2
AHMED|2
ALBANESE|2
ALBRIGHT|2
ALDRIDGE|2
ALLAN|2
ALPERT|2
ALSTON|2
AMAYA|2
AMOS|2
AMUNDSON|2
ANDERSSON|2
ANDREW|2
ANG|2
ANGOFF|2
APPEL|2
AREVALO|2
ARGUETA|2
ARIAS|2
ASHTON|2
ASKEW|2
ATKINS|2
AVILES|2
AXELROD|2
AYALA|2
BABCOCK|2
BACON|2
BAGALA|2
BAIRD|2
BARAN|2
BARON|2
BARTON|2
BATISTE|2
BATSON|2
BAUER|2
BAUMANN|2
BAUMGARDNER|2
BEAL|2
BEALE|2
BEAM|2
BEAN|2
BEARD|2
BEAUCHENE|2
BECKMAN|2
BELLOWS|2
BENOIT|2
BENTON|2
BERKOWITZ|2
BERMAN|2
BERNIER|2
BERTRAM|2
BEST|2
BEYER|2
BIBO|2
BIGELOW|2
BIGGS|2
BIRCHMEIER|2
BIRD|2
BJORKLUND|2
BLACKWELL|2
BLANCHARD|2
BLANK|2
BLUM|2
BLYTHE|2
BOCHICCHIO|2
BOEHM|2
BONANNO|2
BONAVINA|2
BONDY|2
BOSTIC|2
BOTERO|2
BOUMAN|2
BOURNE|2
BOWMANZATZKIN|2
BOYLE|2
BRADBURY|2
BRADFORD|2
BRANDON|2
BRANNON|2
BRAY|2
BRIGHT|2
BRINKLEY|2
BRINKMANN|2
BRITA|2
BRITTON|2
BRODERICK|2
BRODIE|2
BRODY|2
BROPHY|2
BRUBAKER|2
BRUCE|2
BRUXVOORT|2
BUBACZ|2
BUCKLES|2
BUFORD|2
BULLARD|2
BUMPUS|2
BUNTING|2
BURKHART|2
BURROWS|2
BUSCH|2
CABRERA|2
CALDER|2
CALL|2
CALLE|2
CALVO|2
CAMP|2
CANEVARI|2
CANTOR|2
CAO|2
CAPPS|2
CARDWELL|2
CARO|2
CARRUTH|2
CARSTENSEN|2
CARY|2
CASE|2
CASON|2
CASSANO|2
CASTANEDA|2
CATRON|2
CAVANAUGH|2
CENTENO|2
CHADHA|2
CHANCE|2
CHATMAN|2
CHEATHAM|2
CHERRY|2
CHILDS|2
CHIN|2
CHISM|2
CHOI|2
CHOPRA|2
CHOW|2
CHRISTENSEN|2
CHRISTIE|2
CHUANG|2
CIPOLLA|2
CLANCY|2
CLEARY|2
CLEMENS|2
CLINTON|2
COCHRAN|2
COE|2
COFFEY|2
COHEE|2
COLBERT|2
COLVIN|2
COMPTON|2
CONDREN|2
CONLEY|2
CONNOR|2
CONRAD|2
COPPERSMITH|2
CORBETT|2
CORNELIUS|2
COSTA|2
COTTON|2
COULTER|2
COY|2
CRAWLEY|2
CROCKETT|2
CROMPTON|2
CROOKS|2
CROSS|2
CROWE|2
CROWELL|2
CROWLEY|2
CRUTCHFIELD|2
CULVER|2
CUNEO|2
CURRENT|2
CURRIE|2
DALEY|2
DANG|2
DARLING|2
DASILVA|2
DAUGHERTY|2
DAVID|2
DAVIES|2
DAWSON|2
DEANGELO|2
DEAS|2
DECKER|2
DELEON|2
DELOATCH|2
DELONG|2
DEMARS|2
DEMEKE|2
DENISON|2
DENTON|2
DESIMONE|2
DESPAIN|2
DEWITT|2
DEXTER|2
DICK|2
DICKERSON|2
DIEPHOUSE|2
DIETER|2
DIETZEL|2
DILL|2
DILWORTH|2
DINH|2
DIOGUARDI|2
DODSON|2
DOMS|2
DONILON|2
DOSS|2
DOW|2
DOWD|2
DOWNEY|2
DOWNS|2
DREW|2
DUCKWORTH|2
DUEY|2
DUNKER|2
DUNLAP|2
DURHAM|2
DWORKIN|2
DYKSTRA|2
EARLE|2
EARLES|2
EATON|2
EBERHARDT|2
EBERHART|2
EGAN|2
EHRICH|2
EMANUEL|2
EMERSON|2
ERICSON|2
ERWIN|2
EVERETT|2
EWEN|2
FAHMY|2
FAIRWEATHER|2
FAN|2
FANG|2
FANTINATO|2
FARIS|2
FARRAR|2
FARRIS|2
FAULK|2
FELDMAN|2
FELLER|2
FENG|2
FENTON|2
FERNANDEZ|2
FERRIS|2
FEUERSTEIN|2
FINLEY|2
FIRESTONE|2
FLAKE|2
FLANDERS|2
FLEISCHMANN|2
FONTENOT|2
FORTUNE|2
FOWLKES|2
FRANCIS|2
FREDERICKS|2
FREE|2
FREELAND|2
FREELY|2
FRENCH|2
FREY|2
FRYE|2
FULFORD|2
FULTON|2
FUQUA|2
FYE|2
GABRIEL|2
GAGE|2
GAGNON|2
GALBRAITH|2
GALE|2
GAMBLE|2
GANDHI|2
GANNON|2
GANT|2
GARBER|2
GARRIS|2
GARRISON|2
GARVER|2
GARZA|2
GASS|2
GEIGER|2
GERBER|2
GERDES|2
GHOLAR|2
GIBBS|2
GILES|2
GILFILLAN|2
GILKEY|2
GILLESPIE|2
GILLIARD|2
GILLILAND|2
GIPSON|2
GLEASON|2
GLENDENING|2
GLUSKER|2
GOLDEN|2
GOLDMAN|2
GOLSON|2
GONZALES|2
GOODE|2
GOODRICH|2
GORMAN|2
GOUGH|2
GOULD|2
GRABER|2
GRAF|2
GREENE|2
GREENFIELD|2
GREENLEE|2
GREENWOOD|2
GREINER|2
GRESHAM|2
GRIMALDI|2
GROSS|2
GROVES|2
GRUBB|2
GRUENSPECHT|2
GUESS|2
GUINTO|2
GUNN|2
HABER|2
HAGAN|2
HAGENGRUBER|2
HAINES|2
HAIRSTON|2
HAMLIN|2
HAMPSHIRE|2
HAMPTON|2
HANEY|2
HANKIN|2
HANKINS|2
HANNIGAN|2
HANSON|2
HARBISON|2
HARDESTY|2
HARDIN|2
HARDING|2
HARMAN|2
HARRELL|2
HARWITZ|2
HASSON|2
HAY|2
HAYDEN|2
HAZE|2
HEADEN|2
HEAPS|2
HEIM|2
HEINZ|2
HEMINGWAY|2
HENLEY|2
HENRICHSEN|2
HERBERT|2
HERRING|2
HERRON|2
HERTZ|2
HESS|2
HESTER|2
HETHERINGTON|2
HIDALGO|2
HIGHTOWER|2
HILLIARD|2
HIMMEL|2
HINDS|2
HINTON|2
HIRD|2
HOANG|2
HOBSON|2
HOEY|2
HONG|2
HORAN|2
HORWICH|2
HOSKINS|2
HOUSER|2
HOWE|2
HUANG|2
HUFFMAN|2
HUMPHREY|2
HURDLE|2
HURLEY|2
HURST|2
HURVITZ|2
HUTTON|2
HYMAN|2
HYNES|2
ILEJAY|2
INGLE|2
INOUYE|2
IRELAND|2
ISAAC|2
JACOBSEN|2
JAIN|2
JEFFRIES|2
JOHN|2
JOSEPH|2
JOSEPHSON|2
JOYNER|2
JUDGE|2
KAHN|2
KALE|2
KALINA|2
KARIM|2
KEARNS|2
KEENAN|2
KEHR|2
KEMP|2
KENNY|2
KERR|2
KIDD|2
KILCREASE|2
KIMBALL|2
KINCAID|2
KINNEY|2
KIRBY|2
KIRKLAND|2
KIRVEN|2
KISER|2
KLINE|2
KNOWLES|2
KOCH|2
KOERTGE|2
KOMMA|2
KONINGISOR|2
KOWALSKI|2
KOZLOWSKI|2
KRUSE|2
KUHLMAN|2
KURTZ|2
KYRIACOPOULOS|2
LACEY|2
LADD|2
LAKE|2
LAMB|2
LANGAN|2
LANGER|2
LANGFORD|2
LANTZ|2
LARKINS|2
LAROCHELLE|2
LASH|2
LATHAM|2
LAUER|2
LAVIGNE|2
LAYTON|2
LEAKE|2
LEARY|2
LEBEAU|2
LECHTENBERG|2
LEFFLER|2
LEIGH|2
LEMUS|2
LEONARDO|2
LIECHTY|2
LIGHT|2
LINDBLOM|2
LINDER|2
LINN|2
LITTLEFIELD|2
LIVINGSTON|2
LOEFFLER|2
LOFTIS|2
LOGAN|2
LOGUE|2
LOOMIS|2
LOONEY|2
LORENZ|2
LOVETT|2
LUBIN|2
LUNA|2
LUNDBERG|2
LYLE|2
LYNN|2
MACGREGOR|2
MACIAS|2
MACKAY|2
MACKENZIE|2
MADIGAN|2
MADISON|2
MAGOULICK|2
MAHNKEN|2
MAIN|2
MAJOR|2
MALCOLM|2
MALDONADO|2
MALINA|2
MALONEY|2
MANDE|2
MANOS|2
MANSON|2
MANSOUR|2
MARCELLO|2
MARCUS|2
MARIANI|2
MARIANO|2
MARK|2
MARTZ|2
MASSIE|2
MATHEWS|2
MATHIS|2
MATHUR|2
MATSON|2
MATSUOKA|2
MAYBERRY|2
MAYO|2
MCALEESE|2
MCALLISTER|2
MCCABE|2
MCCARTNEY|2
MCCARTY|2
MCCLELLAN|2
MCCLOUD|2
MCCONNELL|2
MCCULLA|2
MCDANIELS|2
MCDERMOTT|2
MCDOWELL|2
MCFARLANE|2
MCGEE|2
MCGILL|2
MCGOWAN|2
MCGURK|2
MCINTOSH|2
MCKINNEY|2
MCLAIN|2
MCMANUS|2
MCMILLAN|2
MCMILLION|2
MCMULLIN|2
MCNAMARA|2
MCNEARNEY|2
MCNEILL|2
MEAD|2
MEANS|2
MEDLEY|2
MEEHAN|2
MENDONCA|2
MENDOZA|2
METCALF|2
MICHAEL|2
MICHAELS|2
MICHEL|2
MICKELSON|2
MIDDLETON|2
MIESEN|2
MIGNONE|2
MINER|2
MINTZER|2
MIZELL|2
MOE|2
MOLINA|2
MONTGOMERY|2
MORA|2
MORI|2
MORRISSEY|2
MOSER|2
MOSES|2
MOSTASHARI|2
MOUSSAVIAN|2
MULLEN|2
MULLIGAN|2
MURTHY|2
MYRICK|2
NAIK|2
NAIR|2
NANGLE|2
NASH|2
NAVARRO|2
NEALE|2
NEELY|2
NEFF|2
NEILSON|2
NEW|2
NEWCOMB|2
NICHOLAS|2
NIELSEN|2
NIELSON|2
NIEMEYER|2
NIEVES|2
NINO|2
NOEL|2
NOLAN|2
NOLIN|2
NORTHCUTT|2
NORWOOD|2
ODOM|2
OGDEN|2
OLEARY|2
OLIVAREZ|2
OLMOS|2
OLOUGHLIN|2
OMALLEY|2
ORBAN|2
ORDONEZ|2
ORR|2
OSBORN|2
OSWALD|2
OTTINGER|2
OWEN|2
PACE|2
PARADIS|2
PARROTT|2
PARSONS|2
PATE|2
PAUL|2
PAYTON|2
PEARCE|2
PELL|2
PENDLETON|2
PERSHING|2
PETERSEN|2
PETREN|2
PETTERSON|2
PHIPPS|2
PICHE|2
PILAT|2
PINES|2
PINKOWSKI|2
PIPKIN|2
PIRTLE|2
PITKIN|2
PITTMAN|2
PIZER|2
PLATT|2
PLOTKIN|2
POAWUI|2
PONZINI|2
POOLE|2
POUGH|2
PRESTON|2
PRIOR|2
PUGH|2
PURCELL|2
PUTNAM|2
QUIGLEY|2
QUINTANA|2
QUIST|2
RADER|2
RADULOVIC|2
RAGEN|2
RAGLAND|2
RAMAN|2
RANDLE|2
RATTNER|2
RAU|2
REEDER|2
REFFETT|2
REGAN|2
REICH|2
REUTER|2
RICHMAN|2
RICKS|2
RIGDON|2
RIGGLEMAN|2
RITCHEY|2
ROCKWELL|2
RODGERS|2
RODNEY|2
RODRIQUEZ|2
ROE|2
ROLAND|2
ROMANO|2
ROMERO|2
ROONEY|2
ROSAS|2
ROSATI|2
ROSENBAUM|2
ROSIER|2
ROTHSTEIN|2
ROUSE|2
ROUSSEY|2
ROWLEY|2
ROYBAL|2
RUBINSTEIN|2
RUDOLPH|2
RULE|2
RUNYON|2
RUTHERFORD|2
RYU|2
SAAD|2
SABO|2
SABOCHIK|2
SACCO|2
SADLER|2
SAITO|2
SALCEDO|2
SALO|2
SALZMAN|2
SAMPSON|2
SAMUEL|2
SANDBERG|2
SAUNDERS|2
SAVAGE|2
SAWYER|2
SCANLON|2
SCARLETT|2
SCHAFER|2
SCHAFFER|2
SCHALL|2
SCHATZ|2
SCHIFFER|2
SCHIJVENS|2
SCHILIRO|2
SCHILLER|2
SCHMITT|2
SCHNEIDERMAN|2
SCHOENFELD|2
SCHULER|2
SCHULMAN|2
SCHUPBACH|2
SEARS|2
SEE|2
SEIFERT|2
SEITZ|2
SELFRIDGE|2
SEPULVEDA|2
SEWARD|2
SHADE|2
SHEARS|2
SHELL|2
SHEPARD|2
SHEPHERD|2
SHEPPARD|2
SHIN|2
SHIPLEY|2
SHORT|2
SHRANK|2
SHULL|2
SHULTZ|2
SHUMAN|2
SIDDONS|2
SIDES|2
SIGER|2
SILVA|2
SILVER|2
SILVERBERG|2
SINGH|2
SINGLETON|2
SKELTON|2
SLATER|2
SLOAN|2
SMITHSON|2
SNOW|2
SORENSEN|2
SORIANO|2
SORUM|2
SOUTHERLAND|2
SPANGLER|2
SPARAPANI|2
SPEIGHT|2
SPENARD|2
SPERLING|2
SPROUSE|2
STAFFORD|2
STAPLETON|2
STARKS|2
STEED|2
STEINBERG|2
STEVENSON|2
STODDARD|2
STREIT|2
STRICKLAND|2
STRONG|2
STRUCKMANN|2
STRYKER|2
STUDER|2
SUFIAN|2
SUH|2
SUMMERS|2
SUN|2
SUSAN|2
SUSSMAN|2
SUTLEY|2
SYED|2
TAGGART|2
TANKERSLEY|2
TAVENNER|2
TELLO|2
TERRAZAS|2
THAYER|2
THIEL|2
THOMASJR|2
THORPE|2
THRASHER|2
TILLERY|2
TIMBERLAKE|2
TOBIAS|2
TRACY|2
TRAVIS|2
TRIENENS|2
TURLEY|2
TYLER|2
TYSON|2
UTRUP|2
VAIL|2
VARNER|2
VASQUEZ|2
VAUGHN|2
VETTER|2
VO|2
VOGEL|2
WAGONER|2
WALLS|2
WATERS|2
WAX|2
WAYMAN|2
WEEKS|2
WEINER|2
WEINSTEIN|2
WELDON|2
WELLMAN|2
WEN|2
WESLEY|2
WETMORE|2
WHIPPLE|2
WHITESIDE|2
WHITT|2
WHITTAKER|2
WIENER|2
WIESE|2
WILDER|2
WILKERSON|2
WILKES|2
WILL|2
WILLARD|2
WILLEY|2
WINKLER|2
WITHERS|2
WOLLACK|2
WOMBLE|2
WOO|2
WOODBURY|2
WOOTEN|2
WYANT|2
YANCEY|2
YELLMAN|2
YODER|2
YOON|2
YUNGMANN|2
ZENKER|2
ZHOU|2
ZUNKER|2
AALTO|1
ABATE|1
ABDALLAH|1
ABDELLA|1
ABDELRAHMANABUSHAWIS|1
ABDIRUHMAN|1
ABDOLRAHIMI|1
ABEL|1
ABELL|1
ABERA|1
ABILA|1
ABLING|1
ABNER|1
ABOBI|1
ABPLANALP|1
ABRAMS|1
ABRAMSON|1
ABREU|1
ABRON|1
ABUHMOUD|1
ACEBO|1
ACEVEDO|1
ACHA|1
ACHEAMPOMAAH|1
ACKER|1
ACKLES|1
ACKLESON|1
ACKLEY|1
ACREE|1
ADAMCZYK|1
ADAMI|1
ADAMSIII|1
ADAMSJR|1
ADAMSON|1
ADDEPALLI|1
ADDISON|1
ADDO|1
ADECHOUBOU|1
ADEDOKUN|1
ADEGBOLA|1
ADELOYE|1
ADEMILUYI|1
ADIGA|1
ADIRIM|1
ADKINSGRIFFITH|1
ADUGYAMFI|1
ADUSO|1
AFFOLTER|1
AFREMOW|1
AFRIDI|1
AFTRETH|1
AGAEL|1
AGBAJE|1
AGEE|1
AGLE|1
AGNE|1
AGOSTO|1
AGUIAR|1
AGUILARBARNETT|1
AGUIRRE|1
AGULNICK|1
AGUNAT|1
AGURS|1
AHERN|1
AHFONG|1
AHLERS|1
AHLSTROM|1
AHMAD|1
AHRAR|1
AIELLO|1
AIJIAN|1
AIKEN|1
AIKMAN|1
AINA|1
AINSWORTH|1
AIRHART|1
AKANA|1
AKAS|1
AKBAR|1
AKERLIND|1
AKINLOYE|1
AKITA|1
AKIWOWO|1
AKPAN|1
AKULA|1
ALAM|1
ALBA|1
ALBAN|1
ALBANESI|1
ALBAYATI|1
ALBIN|1
ALBRIZIO|1
ALDERETE|1
ALE|1
ALEGRE|1
ALESKI|1
ALESTOCK|1
ALEX|1
ALEXANDRA|1
ALEXANDRE|1
ALFERIEFF|1
ALFRED|1
ALHAMMADI|1
ALJANABIE|1
ALKAS|1
ALKHANFSEH|1
ALKIRE|1
ALLAH|1
ALLAHROSS|1
ALLARD|1
ALLENDER|1
ALLERS|1
ALLERT|1
ALLISONJR|1
ALLMAN|1
ALMANDV|1
ALMARHOON|1
ALMEIDA|1
ALMODOVAR|1
ALNUAIMI|1
ALO|1
ALONGI|1
ALPERI|1
ALPHAKPETEWAMA|1
ALQAZZAZ|1
ALSALAM|1
ALSBERG|1
ALSHABAZZ|1
ALSHORAFA|1
ALT|1
ALTAMURA|1
ALTEN|1
ALTENBERG|1
ALTERMAN|1
ALTEVERS|1
ALTIERI|1
ALTLAND|1
ALTOFT|1
ALTONELL|1
ALVA|1
ALVARO|1
ALVICH|1
ALWARD|1
AMBRON|1
AMBROSE|1
AMBRUOSO|1
AMBUBUYOG|1
AMEND|1
AMENHETEP|1
AMMANN|1
AMON|1
AMONETT|1
AMORE|1
AMOROSE|1
ANA|1
ANAND|1
ANCHEV|1
ANDERSONPARKER|1
ANDES|1
ANDHAZY|1
ANDO|1
ANDRAS|1
ANDREANO|1
ANDREASEN|1
ANDRES|1
ANDRESS|1
ANDRIETSCH|1
ANDRIST|1
ANDRULOT|1
ANGARELLA|1
ANGELAKOS|1
ANGERHOLZER|1
ANGULO|1
ANHUT|1
ANI|1
ANIBALDIBERRY|1
ANJORIN|1
ANKENBRANDT|1
ANNE|1
ANNINO|1
ANSTETT|1
ANTON|1
ANTONIPILLAI|1
ANTSEY|1
ANTUFATI|1
APONTE|1
APPELMAN|1
APPLEGEET|1
APSEL|1
APT|1
ARABSHAHI|1
ARAGON|1
ARAGONRUIZ|1
ARAKAKI|1
ARAOZ|1
ARAQUE|1
ARAVINDAKSHAN|1
ARAYA|1
ARBELL|1
ARBES|1
ARBORICO|1
ARCHER|1
ARELLANO|1
ARENTSEN|1
ARESTIA|1
ARGILAGOS|1
ARGOMANIZ|1
ARGOTTE|1
ARGUELLO|1
ARISON|1
ARISPE|1
ARKING|1
ARLEN|1
ARMINTROUT|1
ARNETT|1
ARNIELLA|1
ARNONE|1
ARON|1
ARONSON|1
ARPIN|1
ARQUETTE|1
ARRANTS|1
ARRENDONDO|1
ARRIA|1
ARROYO|1
ARSLAN|1
ARTEAGA|1
ARTEEN|1
ARTIS|1
ARTISHA|1
ARUNAOGUN|1
ARWOOD|1
ASAMOAH|1
ASANUMA|1
ASBURY|1
ASCHIII|1
ASEVEDO|1
ASFOUR|1
ASH|1
ASHCRAFT|1
ASHCROFT|1
ASHDOWN|1
ASHOK|1
ASHWORTH|1
ASLANIAMOLI|1
ASSANSEITOVA|1
ASSOUN|1
ASTRUE|1
ATCHISON|1
ATENCIO|1
ATHANASOPOULOS|1
ATHAVALE|1
ATLAS|1
ATRU|1
ATTIME|1
ATTMAN|1
ATWOOD|1
AUBERT|1
AUBOURG|1
AUBREY|1
AUCOTT|1
AUERBACH|1
AUGSBURGER|1
AUGUST|1
AUGUSTINE|1
AUGUSTUS|1
AULDS|1
AUNGER|1
AURIEMMA|1
AUSIELLO|1
AUTEN|1
AUTIN|1
AUZEENE|1
AVANNI|1
AVENT|1
AWANDA|1
AXE|1
AYANDELE|1
AYBAR|1
AYER|1
AYLWARD|1
AYODEJI|1
AYOUB|1
AYOUBI|1
AYRES|1
AZEVEDOCARDOSO|1
AZIZ|1
AZUAJE|1
AZZOLINI|1
BA|1
BABIN|1
BABOUR|1
BACA|1
BACCAM|1
BACHMAN|1
BACK|1
BACKER|1
BACKLIN|1
BADALAMENTI|1
BADAVI|1
BADEN|1
BADER|1
BADHAM|1
BADISSY|1
BAENIG|1
BAER|1
BAEZ|1
BAGHRAMIAN|1
BAGLEY|1
BAGO|1
BAH|1
BAIL|1
BAILS|1
BAIR|1
BAITY|1
BAKAYOKO|1
BAKERIII|1
BAKOLAS|1
BAKUNAS|1
BALAAM|1
BALAKRISHNAN|1
BALANOFF|1
BALASSA|1
BALES|1
BALIN|1
BALINT|1
BALK|1
BALLEW|1
BALMA|1
BALSON|1
BALTIMORE|1
BALZER|1
BAMBU|1
BAMFORD|1
BANDINI|1
BANDT|1
BANET|1
BANGURA|1
BANKSTON|1
BANNING|1
BANSLEBEN|1
BAPTISTE|1
BAQUEDANO|1
BARAHONA|1
BARATTA|1
BARB|1
BARBA|1
BARBARO|1
BARBERA|1
BARBERENA|1
BARBERO|1
BARBIERI|1
BARBOUR|1
BARBUSCHAK|1
BARCLAY|1
BARD|1
BARDEN|1
BARDINE|1
BARDIZIAN|1
BARKLEY|1
BARKOWSKI|1
BARKS|1
BARLETTA|1
BARLOW|1
BARMORE|1
BARNA|1
BARNSDALE|1
BARR|1
BARRA|1
BARRERA|1
BARRETO|1
BARRETT|1
BARRICK|1
BARRYPEREZ|1
BARTEL|1
BARTHEL|1
BARTIZAL|1
BARTLETT|1
BARTLEY|1
BARTMESS|1
BARTOLINI|1
BARTUSKA|1
BARWICK|1
BARZ|1
BASCOMB|1
BASHAW|1
BASHIR|1
BASSE|1
BASSETT|1
BASTAS|1
BASTIEN|1
BASTILLE|1
BASU|1
BATAILLE|1
BATCHELDER|1
BATEMAN|1
BATEY|1
BATH|1
BATHELT|1
BATISTA|1
BATIZ|1
BATTAGLIA|1
BATTEN|1
BAUCOM|1
BAUCUM|1
BAUGESS|1
BAUGHMAN|1
BAUM|1
BAUMGARTNER|1
BAUTHIER|1
BAUTISTA|1
BAWDEN|1
BAXMANN|1
BAYARD|1
BAYH|1
BAYLOR|1
BAYS|1
BAZOBERRY|1
BDEIR|1
BEAMANMARUSICH|1
BEAMON|1
BEARDSLEY|1
BEASLEY|1
BEASON|1
BEATTIE|1
BEATY|1
BEAUBIEN|1
BEAUMONT|1
BEAURY|1
BEAVER|1
BECHJANSEN|1
BECHTLE|1
BECKMANN|1
BECKNER|1
BECKWITH|1
BECNEL|1
BEDELL|1
BEDLIN|1
BEDNAR|1
BEDNASH|1
BEDOYA|1
BEDREGAL|1
BEDROSIAN|1
BEEBE|1
BEECH|1
BEHARIE|1
BEHLING|1
BEHNKE|1
BEHRLE|1
BEIERLE|1
BEINART|1
BEIRD|1
BEITEL|1
BEITER|1
BEJSOVEC|1
BEKELE|1
BELCHER|1
BELEW|1
BELFIELD|1
BELGRAVE|1
BELGREAT|1
BELK|1
BELKIN|1
BELKNAP|1
BELLAMY|1
BELLANCA|1
BELLANTONIANDERSON|1
BELLAVIA|1
BELLINGER III|1
BELLIS|1
BELLO|1
BELLOTTI|1
BELLOW|1
BELLWHITE|1
BELSKY|1
BELT|1
BEMBENEK|1
BEMIS|1
BENAMAR|1
BENARD|1
BENAVIDES|1
BENECK|1
BENEDETTO|1
BENENSON|1
BENGE|1
BENINI|1
BENJAMIN|1
BENJELLOUN|1
BENKERT|1
BENN|1
BENNION|1
BENSCH|1
BENSONJR|1
BENUSA|1
BENYSHEK|1
BERARDI|1
BERAUD|1
BERBARI|1
BEREJKA|1
BERELOWITZ|1
BERGERON|1
BERGET|1
BERGEVIN|1
BERGEZ|1
BERGMANN|1
BERGSHAVEN|1
BERKEBILE|1
BERKLEY|1
BERLINSTEPHENS|1
BERNAU|1
BERNAZZAACOSTA|1
BERNICK|1
BERNING|1
BERNTSON|1
BERRET|1
BERREY|1
BERRIEN|1
BERRYMAN|1
BERSCH|1
BERSCHINSKI|1
BERT|1
BERTHEAU|1
BERTI|1
BERTINI|1
BERUBE|1
BERWICK|1
BERZ|1
BESHARA|1
BESHEAR|1
BESKAR|1
BESSETTE|1
BETANCOURT|1
BETHEA|1
BETHKE|1
BETIT|1
BETJEMANN|1
BEVEL|1
BEVERIDGE|1
BEVILACQUA|1
BEYREIS|1
BEZOS|1
BHAGOWALIA|1
BHAMIDIPATI|1
BHANDARI|1
BHANSALI|1
BHARGAVA|1
BHAT|1
BHATT|1
BHULLER|1
BIALIK|1
BIANCALANA|1
BIANCHI|1
BIDERMAN|1
BIELE|1
BIELER|1
BIELSKI|1
BIETZ|1
BIGBIE|1
BIGGAR|1
BIHM|1
BILA|1
BILLETT|1
BILLHYMER|1
BILLINGTON|1
BILLMAN|1
BILLS|1
BILLUPS|1
BILOTTI|1
BILSON|1
BILYEAU|1
BILZ|1
BINA|1
BINGHAM|1
BINYONSTORY|1
BIRCH|1
BIRCHFIELD|1
BIRGE|1
BIRLING|1
BIRNBAUM|1
BISARRA|1
BISCONTI|1
BISSELL|1
BITANGA|1
BITTERLIN|1
BITTERMAN|1
BITTLEMAN|1
BITTNER|1
BITTRICK|1
BLACKEAGLE|1
BLACKMON|1
BLACKSHAW|1
BLAES|1
BLAGROVE|1
BLAIR|1
BLAIS|1
BLAKE|1
BLAKEY|1
BLALOCK|1
BLANKENSHIP|1
BLANON|1
BLANTON|1
BLAS|1
BLASEN|1
BLASIENZ|1
BLATCHFORD|1
BLATECKY|1
BLATNEY|1
BLATTIE|1
BLAYLOCK|1
BLAZER|1
BLEIMES|1
BLIDFORS|1
BLINOVA|1
BLOCH|1
BLODGETT|1
BLOM|1
BLOMBERG|1
BLOOM|1
BLUEMEL|1
BLUNDEN|1
BLUNTJR|1
BLUSHTEIN|1
BLUVSHTEIN|1
BLY|1
BOATRIGHT|1
BOBA|1
BOD|1
BODEN|1
BODENDORFER|1
BODNAR|1
BOEA|1
BOECKER|1
BOEHNER|1
BOEKEBURKE|1
BOERNER|1
BOGAN|1
BOGAR|1
BOGERT|1
BOGGERTY|1
BOGGS|1
BOHAN|1
BOHANNON|1
BOHLE|1
BOHLING|1
BOHN|1
BOHR|1
BOHRER|1
BOIES|1
BOJORQUEZ|1
BOLAR|1
BOLDEN|1
BOLDOSSER|1
BOLDUC|1
BOLEA|1
BOLES|1
BOLEY|1
BOLGER|1
BOLIN|1
BOLIVER|1
BOLLINGER|1
BOMBA|1
BONAWITZ|1
BONFIELD|1
BONO|1
BOOCK|1
BOODOO|1
BOOESHAGHI|1
BOOGAARD|1
BOOKER|1
BOOTA|1
BOOTHHOWE|1
BOOTHROYD|1
BOPPIV|1
BORCHGREVINK|1
BORDERS|1
BORDEWYK|1
BOREK|1
BORELLI|1
BORING|1
BORN|1
BORNSTEIN|1
BOROKHOVICH|1
BORRAZZO|1
BORREGO|1
BORSELLINO|1
BORY|1
BOSSJENSEN|1
BOSTEDT|1
BOSWELL|1
BOSWER|1
BOTACH|1
BOTHE|1
BOTSFORD|1
BOTTICELLA|1
BOU|1
BOUCHET|1
BOUDREAU|1
BOUDREAUX|1
BOUIE|1
BOULER|1
BOULWARE|1
BOURDON|1
BOVINO|1
BOWDON|1
BOWER|1
BOWES|1
BOWIE|1
BOWLING|1
BOWMAR|1
BOWNES|1
BOYACK|1
BOYKINS|1
BOYLES|1
BOZEMAN|1
BRACERO|1
BRACEY|1
BRACHO|1
BRACKEN|1
BRACY|1
BRADSHER|1
BRADSTREET|1
BRAGG|1
BRAINBRIDGE|1
BRAITMAYER|1
BRALOW|1
BRAMER|1
BRANAM|1
BRANCH|1
BRANNAN|1
BRANSCUM|1
BRANSFORD|1
BRANTLEY|1
BRASHER|1
BRASWELL|1
BRATHWAITE|1
BRAUN|1
BRAYBOY|1
BRAZZ|1
BREDEHORST|1
BREEN|1
BREGMAN|1
BRENER|1
BRENNER|1
BRESLIN|1
BRESNAHAN|1
BRESNAHANMCRAE|1
BRESSLER|1
BRESSMAN|1
BRESSON|1
BRETON|1
BRETONDEARBORN|1
BREVARD|1
BREWSTER|1
BREWTON|1
BRILL|1
BRILLHART|1
BRIM|1
BRINDLE|1
BRINGOL|1
BRINKERHOFF|1
BRINLY|1
BRISBON|1
BRISCOE|1
BRISENO|1
BRITLAND|1
BRITO|1
BRITTINGHAM|1
BRIZEK|1
BROADHEAD|1
BROADNAX|1
BROCKBANK|1
BROCKELMAN|1
BROCKJR|1
BROCKLER|1
BRODNANSKY|1
BROH|1
BROIDO|1
BROKAW|1
BROKENBOROUGH|1
BRONEC|1
BRONNER|1
BROOKE|1
BROOKER|1
BROOKINS|1
BROOKSCROPPER|1
BROOKSLIPOR|1
BROOM|1
BROOMFIELD|1
BROSIUS|1
BROSNAN|1
BROUGH|1
BROUGHTON|1
BROUSE|1
BROWNDIXON|1
BROWNE|1
BROWNELL|1
BROWNER|1
BROWNGOLD|1
BROWNWEAVER|1
BRUAN|1
BRUECKMANN|1
BRUMAGIN|1
BRUMFIELD|1
BRUNDAGE|1
BRUNS|1
BRUSH|1
BRUTON|1
BRYAN|1
BRYANCHAVIS|1
BRYCOCK|1
BRYDENBROWN|1
BRZEZINSKI|1
BUBASH|1
BUBECK|1
BUCCI|1
BUCHANANALLEYNE|1
BUCHER|1
BUCHHOLZ|1
BUCHI|1
BUCK|1
BUCKHANAN|1
BUCKLAND|1
BUCKLER|1
BUCKLEW|1
BUCKNER|1
BUCKNUM|1
BUCSHON|1
BUDD|1
BUDHOOPARIS|1
BUDOVEC|1
BUEHLER|1
BUELL|1
BUENCONSEJO|1
BUESCHER|1
BUFF|1
BUGGS|1
BUHLER|1
BUI|1
BUINKIEWICZ|1
BUIS|1
BUJAGA|1
BULL|1
BULLIS|1
BULSON|1
BULT|1
BULTEMEIER|1
BUNCE|1
BUNN|1
BUNOVICH|1
BURA|1
BURBACH|1
BURBACK|1
BURCH|1
BURCHARD|1
BURDEN|1
BURG|1
BURGOS|1
BURGOSROSSY|1
BURKET|1
BURKLOW|1
BURKLY|1
BURLEY|1
BURNETTE|1
BURRELL|1
BURRIS|1
BURRUS|1
BURSCH|1
BURSTEIN|1
BURT|1
BURY|1
BUSCAGLIA|1
BUSH|1
BUSHA|1
BUSHEY|1
BUSHMAN|1
BUSHNELL|1
BUSHROD|1
BUSQUETS|1
BUSS|1
BUSTAMANTE|1
BUSTARD|1
BUSTOS|1
BUTCHER|1
BUTLERBERRY|1
BUTLERJR|1
BUTTERFIELD|1
BUTTLER|1
BUTTON|1
BUTTREY|1
BUTTS|1
BUTUSOV|1
BUTZLER|1
BYCINA|1
BYRDRICHMOND|1
CABALLERO|1
CACHOLA|1
CADDY|1
CADMAN|1
CADWELL|1
CADY|1
CAESAR|1
CAFIERO|1
CAFRITZ|1
CAGLE|1
CAHALL|1
CAHN|1
CAHOON|1
CAI|1
CAIL|1
CAINTIC|1
CAJAS|1
CAJIGAS|1
CALABRESE|1
CALDERA|1
CALHOUN|1
CALLAHAM|1
CALLANTINE|1
CALLARI|1
CALLEJA|1
CALLINS|1
CALO|1
CALUS|1
CALVERT|1
CAMACHO|1
CAMAIONE|1
CAMARILLO|1
CAMBELL|1
CAMBRIDGE|1
CAMMY|1
CAMPAGNI|1
CAMPANAROII|1
CAMPER|1
CAMPERO|1
CAMPOS|1
CAMUNEZ|1
CAMUSO|1
CANA|1
CANADA|1
CANADY|1
CANARTE|1
CANDANO|1
CANDY|1
CANE|1
CANEDO|1
CANELAS|1
CANEVA|1
CANISIUS|1
CANN|1
CANNADYSR|1
CANON|1
CANTAZE|1
CANTER|1
CANTRE|1
CANTRELL|1
CANTRICK|1
CANTU|1
CAPDEPON|1
CAPETILLOALCEDA|1
CAPITI|1
CAPLICE|1
CAPOLINO|1
CAPP|1
CAPPELLO|1
CAPRONMANIEUX|1
CARANDANGJR|1
CARANTO|1
CARBAVAK|1
CARBON|1
CARDARELLI|1
CARDAROPOLI|1
CARDELLA|1
CARDENAS|1
CARDILLO|1
CARDINAL|1
CARDONE|1
CARILLO|1
CARLETON|1
CARLTON|1
CARMADELLE|1
CARMEN|1
CARMER|1
CARNE|1
CAROLINE|1
CARPENTER|1
CARPINTEYRO|1
CARPIO|1
CARPTENTER|1
CARRASCO|1
CARRE|1
CARRENO|1
CARRIGAN|1
CARRILLO|1
CARRILLOOSPINA|1
CARRINGTON|1
CARRJR|1
CARRON|1
CARROW|1
CARSALA|1
CARSTENS|1
CARSWELL|1
CARTOHEUEL|1
CARUTHERS|1
CARVALHO|1
CARVER|1
CARWILE|1
CASANOVER|1
CASCIANO|1
CASCOLAN|1
CASEL|1
CASELLA|1
CASES|1
CASHIN|1
CASHMAN|1
CASILLAS|1
CASKEY|1
CASOLAJR|1
CASPER|1
CASSIDY|1
CASSIDYQUINN|1
CASTIGLIONE|1
CASTROLEON|1
CATALINE|1
CATANIA|1
CATANZANO|1
CATANZARITE|1
CATELLA|1
CATHERINE|1
CATO|1
CATONE|1
CATOR|1
CAUDILL|1
CAUDILLO|1
CAULK|1
CAUTHEN|1
CAVALIERE|1
CAVALLINI|1
CAVERO|1
CAWLEY|1
CAZARES|1
CEBRIAK|1
CECERE|1
CECIL|1
CEDERGREEN|1
CELENTANO|1
CELESTIN|1
CENNA|1
CENTERS|1
CENTOLANZA|1
CERBIE|1
CERCONE|1
CEREN|1
CERIALE|1
CERNUDA|1
CERVENKA|1
CESAREK|1
CEVARR|1
CHACKO|1
CHADDERDON|1
CHADER|1
CHAFFETZ|1
CHAHIN|1
CHAIKEN|1
CHAIN|1
CHAISSON|1
CHALIAN|1
CHALOUX|1
CHAMBERLAIN|1
CHAMBERLIN|1
CHAMBLEE|1
CHAMP|1
CHAMPAIGN|1
CHANDRA|1
CHANDRAN|1
CHANDRASEKAR|1
CHANEN|1
CHANGVELEZ|1
CHANKIMWENG|1
CHANMUGAM|1
CHANT|1
CHAO|1
CHARD|1
CHARIE|1
CHARO|1
CHAROTTE|1
CHATTERJEE|1
CHAU|1
CHAUDHARY|1
CHAUVIN|1
CHAVES|1
CHAVIRA|1
CHAVIS|1
CHAWLA|1
CHEEK|1
CHEEMA|1
CHENEY|1
CHENG|1
CHENOWETH|1
CHEPENIK|1
CHERAMIE|1
CHERENFANT|1
CHERNEY|1
CHERVONY|1
CHESHIRE|1
CHESTER|1
CHEUNG|1
CHEW|1
CHIAPPETTA|1
CHIARELLI|1
CHIDESTER|1
CHILDERS|1
CHILDRESS|1
CHILSON|1
CHINEA|1
CHING|1
CHINN|1
CHIPUNGU|1
CHIRIK|1
CHISHOLM|1
CHITTAL|1
CHIU|1
CHIZEK|1
CHO|1
CHOAT|1
CHOE|1
CHOJNACKA|1
CHOMA|1
CHOPIVSKY|1
CHOUDAMPALLI|1
CHOUDHARY|1
CHOUDHURY|1
CHRISTE|1
CHRISTINA|1
CHRISTODOULIDES|1
CHRISTODOULOU|1
CHRISTOFANO|1
CHRISTOPHER|1
CHRISTOPHERSON|1
CHRISTOPOULOS|1
CHRISTY|1
CHRYSSANTHACOPOYLOY|1
CHU|1
CHUA|1
CHUMLEY|1
CHUNG|1
CHURCHILL|1
CIBOR|1
CICCARELLI|1
CICHOCKI|1
CICIORA|1
CIGNA|1
CIMO|1
CIOCIRLAN|1
CIPRIANO|1
CIRULLO|1
CITIZEN|1
CIVIL|1
CIVIN|1
CLANTON|1
CLAPPER|1
CLARENCE|1
CLARKECORNISH|1
CLARY|1
CLAWSON|1
CLAYTON|1
CLELAND|1
CLEMENTS|1
CLEMON|1
CLERIE|1
CLERINX|1
CLEVENGER|1
CLEVERLY|1
CLINARD|1
CLOHERTY|1
CLOUD|1
CLOUGH|1
CLOUSE|1
CLOWERS|1
CLUNEY|1
CLUNIE|1
COAKLEY|1
COATS|1
COCHRANE|1
COCKCROFT|1
COCKRELL|1
COFER|1
COFRANCESCO|1
COGEN|1
COHENBOYER|1
COHN|1
COIA|1
COINER|1
COLANDER|1
COLELLA|1
COLER|1
COLES|1
COLEY|1
COLLARD|1
COLLES|1
COLLETT|1
COLLETTE|1
COLLIN|1
COLLO|1
COLLRAM|1
COLMENERO|1
COLONPADILLA|1
COLSTON|1
COLTER|1
COLVERT|1
COLWELL|1
COLYAR|1
COLYER|1
COMBS|1
COMER|1
COMISKY|1
COMMONS|1
COMPEAN|1
COMPO|1
CONANT|1
CONBERE|1
CONDEVILLAMAR|1
CONDON|1
CONEY|1
CONFORTI|1
CONIAM|1
CONKLING|1
CONN|1
CONNELL|1
CONNER|1
CONNORS|1
CONOCENTI|1
CONROY|1
CONTOMPASIS|1
CONVERY|1
COOKERLY|1
COOLEY|1
COOMBS|1
COOTS|1
COPCUTT|1
COPLEY|1
COPLIN|1
CORCORAN|1
CORDERO|1
CORDIA|1
CORDRAY|1
CORI|1
CORLEY|1
CORMAN|1
CORMIE|1
CORNALE|1
CORNETT|1
CORNISH|1
COROGENES|1
CORPUZ|1
CORRIE|1
CORRIGAN|1
CORSI|1
CORSIE|1
CORTES|1
CORTESE|1
CORTEZ|1
COSGROVE|1
COSME|1
COSSIO|1
COSTANZO|1
COTE|1
COTMAN|1
COTTA|1
COTTIER|1
COTTLE|1
COUDER|1
COUGHENOUR|1
COULOMBE|1
COUNCIL|1
COUNTRYMAN|1
COUNTS|1
COURINGTON|1
COURTOIS|1
COUSIN|1
COUTURE|1
COVER|1
COVINGTON|1
COWAN|1
COWANS|1
COWDRY|1
COYNE|1
COZART|1
CRABTREE|1
CRAFT|1
CRAGO|1
CRAIGER|1
CRANDELL|1
CRANDON|1
CRANOR|1
CRATTY|1
CRAVINS|1
CRAYTON|1
CREAGER|1
CREAL|1
CREAN|1
CREEGAN|1
CREEHAN|1
CREMESTI|1
CREQUE|1
CRESANTI|1
CRETSINGER|1
CREVELING|1
CREVISTON|1
CREW|1
CRIDLEBAUGH|1
CRIEGO|1
CRILLY|1
CRIM|1
CRIPPEN|1
CRISCO|1
CRITES|1
CROFT|1
CROMER|1
CROSBY|1
CROSSON|1
CROSSWAIT|1
CROSWELL|1
CROTTS|1
CROUNSE|1
CROW|1
CRUISE|1
CRUM|1
CRUMLIN|1
CRUMP|1
CRUTISON|1
CRUZAN|1
CRUZDIAZ|1
CRYBLSKEY|1
CUADROS|1
CUBASCHINGAY|1
CUCCARO|1
CUCCURULLO|1
CUCINELLA|1
CUE|1
CUELLARDEESPINOZA|1
CUFFEE|1
CUI|1
CULATTA|1
CULBERSON|1
CULLEN|1
CULLEYFOSTER|1
CULMER|1
CUMBEE|1
CUMMING|1
CUNHA|1
CUNNIE|1
CUNNIFF|1
CUNY|1
CUOCOLO|1
CUPIDORE|1
CUPPLES|1
CUPPY|1
CURIELTHOMPSON|1
CURLEY|1
CURNUTTE|1
CURREN|1
CURRENCE|1
CURRIDORI|1
CURRIER|1
CURWEN|1
CUSHMAN|1
CUSTARD|1
CUTSHALLJR|1
CUYLER|1
CUZZART|1
CYRUS|1
CZERWINSKI|1
DABBY|1
DAEHN|1
DAFFNE|1
DAGEN|1
DAGOIS|1
DAGOSTINO|1
DAHL|1
DAHLAGER|1
DAIGLE|1
DAILYDA|1
DAISEY|1
DALDINE|1
DALLAS|1
DALLETT|1
DALTONIII|1
DAMBRANO|1
DAMELIN|1
DAMERELL|1
DAMIANO|1
DAMIANOS|1
DAMMERS|1
DANDI|1
DANDRIDGE|1
DANGEL|1
DANGELO|1
DANGERFIELD|1
DANKER|1
DANKO|1
DANNA|1
DANNENBERG|1
DANNHAUSER|1
DANOS|1
DAPHNIS|1
DAQUILA|1
DARCY|1
DARDICK|1
DARGAHI|1
DARIN|1
DARKOHAMPEN|1
DARKOW|1
DARLINGTON|1
DARNELL|1
DARNTON|1
DAROOWALLA|1
DARWISH|1
DARYA|1
DASCHLE|1
DASHER|1
DASHIELL|1
DATTA|1
DAUENBAUGH|1
DAUGAARD|1
DAUPHIN|1
DAVENPORT|1
DAVIGHI|1
DAVISJR|1
DAVISON|1
DAWLEY|1
DAWN|1
DAYEL|1
DAYTON|1
DEANES|1
DEARRY|1
DEASE|1
DEBACA|1
DEBARMENT|1
DEBARNES|1
DEBONIS|1
DEBORAH|1
DEBOY|1
DEBRUHL|1
DECARLO|1
DECARO|1
DECARVALHO|1
DECESARE|1
DECESARO|1
DECOHEN|1
DEDIEGO|1
DEDOMINICIS|1
DEEGAN|1
DEEHL|1
DEELEY|1
DEEMER|1
DEES|1
DEETER|1
DEFOREST|1
DEFRANK|1
DEGAETANO|1
DEGENOVA|1
DEGIDIO|1
DEHARPPORTE|1
DEHMER|1
DEHN|1
DEHNERT|1
DEIDRICH|1
DEJABRUN|1
DEJESUS|1
DEKONING|1
DEKUN|1
DELACRUZ|1
DELAFUENTE|1
DELAGE|1
DELAGUILA|1
DELAPAZ|1
DELAROSA|1
DELBOSQUE|1
DELCARPIO|1
DELEO|1
DELFATTORE|1
DELGADO|1
DELGADOFINK|1
DELLARICCIA|1
DELLASANTINA|1
DELNEVOPETRY|1
DELORENZO|1
DELPIT|1
DELROSARIO|1
DEMAIO|1
DEMARK|1
DEMARTINI|1
DEMILLE|1
DEMING|1
DEMKE|1
DEMMINK|1
DEMOUEY|1
DEMPSEYVIDAL|1
DENEAL|1
DENEVAN|1
DENNING|1
DENT|1
DENVER|1
DEPAOLIS|1
DEPARLE|1
DEPAULO|1
DEPIAZZA|1
DEPOY|1
DEPPE|1
DEPUTY|1
DERAS|1
DEREBEEW|1
DERISO|1
DEROSE|1
DERR|1
DERRICK|1
DERTZBAUGH|1
DERUITER|1
DESAI|1
DESANTIS|1
DESENBERG|1
DESHIELDS|1
DESMARTEAU|1
DESPOSITO|1
DESROSIERSJR|1
DESTEPHANO|1
DESULMECHARLES|1
DETOY|1
DETSCH|1
DETTLE|1
DETWILER|1
DEUTSCH|1
DEVANE|1
DEVEAUXJR|1
DEVERS|1
DEVIDO|1
DEVINS|1
DEVLIEGER|1
DEVLIN|1
DEVLINWHITWORTH|1
DEVONPORT|1
DEVORAH|1
DEVRIES|1
DEVULAPALLI|1
DEWALD|1
DEWHIRST|1
DEWHURST|1
DEWOLF|1
DEY|1
DEYOUNG|1
DEZORT|1
DHAMI|1
DIANA|1
DIBBLE|1
DIBENEDETTO|1
DIBONA|1
DIBRINO|1
DICANDILO|1
DICENZO|1
DICKERHOOF|1
DICKEY|1
DICKINSON|1
DICKMAN|1
DICOSTANZA|1
DICUS|1
DIDIOSHAFFER|1
DIECKMANN|1
DIEGEL|1
DIELEUTERIO|1
DIEM|1
DIEROLF|1
DIETLER|1
DIEUGENIO|1
DIGESU|1
DIGGINS|1
DIGGS|1
DIGIAMMARINO|1
DIGINITTOLO|1
DIGIULIAN|1
DIGIUSEPPE|1
DIJOHNSON|1
DILLENKOFER|1
DILORETO|1
DIMARCO|1
DIMARTINO|1
DIMINUCO|1
DIMMETT|1
DINE|1
DINGFELDER|1
DINGLE|1
DINNEEN|1
DINSMORE|1
DINTELMAN|1
DION|1
DIONNE|1
DIRIENZO|1
DIRKES|1
DIRKS|1
DISCHER|1
DISTEFANO|1
DITTBENNER|1
DIX|1
DIXJR|1
DIXONKHEIR|1
DIXONPHILLIPS|1
DJAPOVICSCHOLL|1
DOBBS|1
DOBERER|1
DOBY|1
DOCARMO|1
DODDRIDGE|1
DODDS|1
DODMAN|1
DOEBLER|1
DOERFLER|1
DOERKSEN|1
DOHMAN|1
DOHRING|1
DOIMEADIOS|1
DOIRON|1
DOLAT|1
DOLBERRY|1
DOLCE|1
DOLE|1
DOLGOFF|1
DOLL|1
DOLLAR|1
DOLLINS|1
DOLSON|1
DOME|1
DOMIGUEZ|1
DOMINIAK|1
DOMINIQUE|1
DOMZALSKI|1
DONADIO|1
DONAT|1
DONATH|1
DONFRIED|1
DONNELLAN|1
DONOHOE|1
DOODY|1
DOOLING|1
DORAN|1
DORAZIO|1
DORER|1
DORMAN|1
DORNBOS|1
DORNE|1
DORRIEN|1
DORSAINVIL|1
DORSETT|1
DOSA|1
DOSSANI|1
DOSTER|1
DOTTERWEICH|1
DOTY|1
DOUCETTE|1
DOUDEN|1
DOUDRICK|1
DOUEK|1
DOUGLASS|1
DOUMBIA|1
DOURAGHI|1
DOUVILLE|1
DOVI|1
DOWE|1
DOWNES|1
DOWNTEN|1
DOYEN|1
DOZORETZ|1
DRAGO|1
DRAGONE|1
DRASKOVIC|1
DRAUDE|1
DRAUGHN|1
DREAMINGBEAR|1
DREEBEN|1
DREISCH|1
DRENNON|1
DRESSEL|1
DRESSER|1
DREYER|1
DRIGGS|1
DRINKHALL|1
DRISCOLL|1
DRIVER|1
DRIZOS|1
DROHOSKY|1
DROKER|1
DRUMMOND|1
DUBAY|1
DUBILL|1
DUBIT|1
DUBLINSKI|1
DUBOIS|1
DUBOSE|1
DUDEK|1
DUDLEY|1
DUER|1
DUGAN|1
DUHART|1
DUKE|1
DUKES|1
DUKESHIRE|1
DULAY|1
DUMADAG|1
DUNAND|1
DUNBAR|1
DUNFORD|1
DUNHAM|1
DUNKLE|1
DUNLAPTUNNAGE|1
DUNLAZEY|1
DUNLEAVY|1
DUNNE|1
DUNNING|1
DUNNINGTON|1
DUPUIS|1
DURAND|1
DURBIN|1
DURELL|1
DURKOVICH|1
DUROCHER|1
DURSO|1
DURST|1
DUSO|1
DUSWALT|1
DUTCHER|1
DUTRA|1
DUTTA|1
DUTTON|1
DVORAK|1
DWYER|1
DYAL|1
DYER|1
DYLLA|1
DYMENT|1
DYSTHE|1
DZAU|1
DZENDZEL|1
DZIURAWIEC|1
EAGAN|1
EALONS|1
EANES|1
EARDLEY|1
EARL|1
EARLYWINE|1
EARP|1
EASLEY|1
EASON|1
EASTON|1
EATMON|1
EBENHOEH|1
EBHARDT|1
EBLIN|1
ECHANDIAROLDAN|1
ECHARTE|1
ECHEVARRIA|1
ECHEVARRIALOGAN|1
ECHLIN|1
ECHOHAWK|1
ECKBERT|1
ECKLEY|1
ECKROTH|1
ECKSEL|1
ECLAVEA|1
ECUYER|1
EDDY|1
EDELMAN|1
EDEN|1
EDER|1
EDGEMON|1
EDGERSON|1
EDIE|1
EDIGER|1
EDINGER|1
EDISON|1
EDLEMAN|1
EDMISTON|1
EDMONDS|1
EDMUND|1
EDMUNDS|1
EDOUARD|1
EFARGAN|1
EFFREM|1
EGBERT|1
EGGER|1
EGGERS|1
EGLY|1
EGUIGUREN|1
EHLEN|1
EHLERS|1
EHRESMAN|1
EHRHART|1
EICHEL|1
EICHMANN|1
EICKMEIER|1
EIDLER|1
EIDMAN|1
EIMERS|1
EISENTRAEGER|1
EKERN|1
EKWATANAKIJ|1
ELAMIN|1
ELDIB|1
ELDRIDGE|1
ELEAZAR|1
ELENA|1
ELGOHARY|1
ELIAS|1
ELING|1
ELKIN|1
ELKINS|1
ELLEGOOD|1
ELLENBERG|1
ELLENS|1
ELLER|1
ELLESON|1
ELLETT|1
ELLINGSON|1
ELLISKIRK|1
ELLISON|1
ELMENDORF|1
ELRON|1
ELSASSER|1
ELSIE|1
ELSNER|1
ELTMAN|1
ELWELL|1
ELWOOD|1
ELZEA|1
EMERY|1
EMKE|1
EMMETT|1
EMNEINA|1
ENCABO|1
ENCHAUTEGUI|1
ENDERLE|1
ENDICH|1
ENG|1
ENGELKEN|1
ENGELKING|1
ENGLAND|1
ENGLET|1
ENGLISH|1
ENRIQUEZ|1
ENSOR|1
ENTERLINE|1
ENTWISTLE|1
ENTZMINGER|1
ENYART|1
EPLING|1
EPRES|1
EPTON|1
ERASALA|1
ERAZO|1
ERDAHL|1
ERIE|1
ERIOLE|1
ERKEL|1
ERRICKSON|1
ERTEL|1
ERTL|1
ERVIN|1
ESCANDON|1
ESCANO|1
ESCHINO|1
ESCOBAR|1
ESH|1
ESHLEMAN|1
ESKOVITZ|1
ESPARZAPADILLA|1
ESPEY|1
ESPINOZA|1
ESPOSTO|1
ESQUE|1
ESQUIVEL|1
ESQUIVELRODRIGUEZ|1
ESSER|1
ESSOYAN|1
ESTIMABLE|1
ESTRADA|1
ESUNEH|1
ETEKE|1
ETHEREDGE|1
ETHERIDGE|1
ETIM|1
ETTER|1
EUBANK|1
EVANCHO|1
EVANGELISTA|1
EVASIUS|1
EVELETH|1
EVENSON|1
EVERSON|1
EVERTON|1
EWACHIW|1
EXPOSITO|1
EXSON|1
EYESTER|1
EZEMENARI|1
EZETA|1
FAAST|1
FABRE|1
FABRIZIO|1
FACKLER|1
FACON|1
FADELY|1
FAELDONEA|1
FAGBEMI|1
FAHLSTROM|1
FAHY|1
FAIDA|1
FAIEQ|1
FAILOR|1
FAIN|1
FAIR|1
FAIRCHILD|1
FAISTRUP|1
FAJARDO|1
FAKHOURY|1
FALADE|1
FALTEISEK|1
FALWELL|1
FALZONE|1
FANNIN|1
FANSLER|1
FARIAS|1
FARINA|1
FARKAS|1
FARLEY|1
FARNAN|1
FARNSWORTH|1
FARRELLY|1
FARRILL|1
FARRINGTON|1
FARROW|1
FARZAN|1
FASNACHT|1
FAST|1
FAUCETTE|1
FAUCI|1
FAULCONER|1
FAULKFOSTER|1
FAULKNER|1
FAUST|1
FAUSTYN|1
FAVORS|1
FAZ|1
FAZIO|1
FEAGINS|1
FEAR|1
FEBBRARO|1
FEBREY|1
FEDAK|1
FEDDER|1
FEDERING|1
FEELEY|1
FEICK|1
FEIG|1
FEIGIN|1
FEILD|1
FEIND|1
FEINER|1
FEINSTEIN|1
FEIST|1
FELAN|1
FELBERBAUM|1
FELDER|1
FELIX|1
FELTENBERG|1
FELTON|1
FEMIA|1
FENDILLO|1
FENDLEY|1
FENNER|1
FENSTERSHEIB|1
FENZEL|1
FERDINAND|1
FERGCADIMA|1
FERGUS|1
FERGUSONSTOKES|1
FERNANDES|1
FERRADJIKHATTARI|1
FERRAEZ|1
FERRAIOLA|1
FERRANTO|1
FERRARIS|1
FERRARO|1
FERRATO|1
FERRAZ|1
FERREIRA|1
FERREIRO|1
FERRER|1
FERRO|1
FERRY|1
FERTIG|1
FESHARI|1
FETH|1
FETLER|1
FETTIG|1
FEUER|1
FEUERSTRAETER|1
FIALKOWSKI|1
FICHANDLER|1
FICHERA|1
FIDLER|1
FIDMAN|1
FIELDEN|1
FIENE|1
FIERET|1
FIERO|1
FIESE|1
FIGLIULO|1
FIGUEIRDO|1
FILIPIAK|1
FILLMAN|1
FINAN|1
FINCHER|1
FINE|1
FINER|1
FININ|1
FINNIE|1
FINTER|1
FIORENITNE|1
FIORINI|1
FIRDYIWEK|1
FIRLEIN|1
FIROZUI|1
FISCHELS|1
FISCHER|1
FISCUS|1
FISH|1
FISSETTE|1
FITTS|1
FITZGIBBON|1
FITZNER|1
FITZSIMONS|1
FIX|1
FLACKE|1
FLAHERTY|1
FLAMBERG|1
FLAMENBAUM|1
FLANNERY|1
FLAVELL|1
FLAVIN|1
FLEENOR|1
FLEET|1
FLEGGE|1
FLEISCHNER|1
FLEISHER|1
FLEMMING|1
FLESCH|1
FLEURY|1
FLEWELLEN|1
FLIGNOR|1
FLINT|1
FLISK|1
FLORENCE|1
FLORESGARZA|1
FLOREZ|1
FLORIG|1
FLORIOJR|1
FLOWERSJR|1
FLOYSTAD|1
FLUKER|1
FLUME|1
FLYER|1
FLYNT|1
FOARD|1
FOEHL|1
FOGT|1
FOHL|1
FOLK|1
FOLKERT|1
FOLLIARD|1
FOLLIN|1
FOLTS|1
FOLTZ|1
FONG|1
FONSECA|1
FONTAINE|1
FORBES|1
FORCESKIE|1
FORCHE|1
FORCUCCI|1
FOREMAN|1
FORGASH|1
FORMENTANOSCHIFINO|1
FORNWALD|1
FORREST|1
FORSYTHE|1
FORTUNECANADA|1
FOSS|1
FOSSEGGEMANN|1
FOTHERINGHAM|1
FOTT|1
FOUBERT|1
FOUCH|1
FOUNTAIN|1
FOURMAN|1
FOURSA|1
FOUST|1
FRAAS|1
FRACHON|1
FRAME|1
FRAMPTON|1
FRAMPUSLAGRATTA|1
FRANCHY|1
FRANCISCO|1
FRANCOOLIVEROS|1
FRANDY|1
FRANKEL|1
FRANTZ|1
FRASIER|1
FRAUSTO|1
FRAVEL|1
FRAZEE|1
FRECE|1
FREDRICK|1
FREEDBERG|1
FREEDMAN|1
FREEL|1
FREELON|1
FREENY|1
FREGA|1
FREIERMUTH|1
FREILICH|1
FREISS|1
FRENCHLIAKAKIS|1
FRERES|1
FRETTERD|1
FREUND|1
FRICKE|1
FRIDRICH|1
FRIEDDEVINE|1
FRIEDL|1
FRIEDLAND|1
FRIEDLICH|1
FRIEDRICH|1
FRILLMAN|1
FRISCHMANN|1
FRISCO|1
FRISVOLD|1
FRITH|1
FRIZZELL|1
FRIZZLE|1
FROELICH|1
FROGNER|1
FROMMEL|1
FRY|1
FTHENOS|1
FUCHS|1
FUCIMAN|1
FUENTE|1
FUGATE|1
FUHRMAN|1
FUHRMEISTER|1
FULD|1
FULLAH|1
FULLENKAMP|1
FULLERTON|1
FUNDERBURK|1
FUNG|1
FUNKHOUSER|1
FUNSTON|1
FURAY|1
FUREY|1
FURLONG|1
FURMAN|1
FURTADO|1
FURTH|1
FURUKAWAMARTINEZ|1
FYLER|1
GAA|1
GAADT|1
GABBERT|1
GACIS|1
GAD|1
GADA|1
GAER|1
GAERTNER|1
GAINES|1
GAJARSA|1
GALAN|1
GALBAN|1
GALEANO|1
GALETSKY|1
GALINDO|1
GALLAHER|1
GALLANOSA|1
GALLANT|1
GALLARDO|1
GALLEGOALTARES|1
GALVAN|1
GALVIN|1
GAMBINO|1
GAMEN|1
GANDOU|1
GANIM|1
GANJAWALA|1
GANJOOI|1
GANLEY|1
GANONG|1
GANS|1
GANSLER|1
GANTHIER|1
GANZ|1
GARAND|1
GARAVITO|1
GARAY|1
GARBAREK|1
GARBIN|1
GARCIACAREY|1
GARDENHIRE|1
GARDINER|1
GARETT|1
GARLAND|1
GARLIN|1
GARLOW|1
GARMAN|1
GARNES|1
GAROFANO|1
GARR|1
GARREN|1
GARRENOBRIEN|1
GARSEE|1
GARSON|1
GARST|1
GARTZ|1
GASKINS|1
GASKO|1
GASPAR|1
GASPARINO|1
GASSLER|1
GASTON|1
GATH|1
GATHERS|1
GATLIFF|1
GATLING|1
GATLOS|1
GATZ|1
GAULT|1
GAURA|1
GAUTAM|1
GAUTHIER|1
GAUTREAU|1
GAY|1
GAYDOS|1
GAYLORD|1
GAYMAN|1
GAYNOR|1
GAYTAN|1
GAZELLE|1
GEACH|1
GEBREMEDHIN|1
GEELS|1
GEER|1
GEEVARGHESE|1
GEHRING|1
GEHRIS|1
GEIBEL|1
GEIDEL|1
GEISTWEIDT|1
GEITZ|1
GELABERTCINTRON|1
GELBARD|1
GELLRICH|1
GELMAN|1
GELYON|1
GENELLY|1
GENGLER|1
GENIAUX|1
GENNARO|1
GENSLER|1
GENTON|1
GENTRY|1
GERAETS|1
GERAGHTY|1
GERALD|1
GERALDSON|1
GERHAUSER|1
GERMAN|1
GERMANO|1
GERMOND|1
GERST|1
GEST|1
GETGANO|1
GEVA|1
GHADIALI|1
GHODOOSHIM|1
GHOLL|1
GHOLSON|1
GIACOFCI|1
GIANNETTI|1
GIANNOTTI|1
GIBB|1
GIDDINGS|1
GIDEON|1
GIDRON|1
GIESEKE|1
GIFFORD|1
GIGANTIELLO|1
GILARDIN|1
GILBERG|1
GILDER|1
GILFILEN|1
GILLEBO|1
GILLEN|1
GILLERLAIN|1
GILLETTE|1
GILLIAM|1
GILLIBRAND|1
GILLITZER|1
GILLOOLY|1
GILLYARD|1
GILMORE|1
GILMOUR|1
GILSTRAP|1
GILYAND|1
GIMORE|1
GINGERICHSIDERS|1
GINSBURG|1
GIOVAGNOLI|1
GIOVANNI|1
GIOVENCO|1
GIPE|1
GIRARD|1
GIRI|1
GIROUARD|1
GIRTON|1
GIST|1
GJELTEN|1
GLAESER|1
GLAGOV|1
GLANTZ|1
GLARDON|1
GLASSER|1
GLASSMAN|1
GLATT|1
GLAUDEMANS|1
GLAVES|1
GLAZE|1
GLEAN|1
GLENNON|1
GLICKMAN|1
GLIDDEN|1
GLIED|1
GLIEDGOLDSTEIN|1
GLISTA|1
GLIWA|1
GLOCK|1
GLODT|1
GLOVER|1
GLUNT|1
GLUNZ|1
GMEINDER|1
GOAD|1
GOBY|1
GODDERZ|1
GODEJOHN|1
GOEGLEIN|1
GOEHRINGER|1
GOEMANN|1
GOETZ|1
GOETZMAN|1
GOFFMAN|1
GOHMANN|1
GOINES|1
GOINGS|1
GOKCEN|1
GOKER|1
GOLBUFF|1
GOLDATE|1
GOLDBACHER|1
GOLDBERGBELLE|1
GOLDBERGER|1
GOLDBLATT|1
GOLDENMCCANTS|1
GOLDING|1
GOLDRING|1
GOLDSMITH|1
GOLDSTEINJR|1
GOLOMB|1
GOLUB|1
GOMES|1
GONZALESJR|1
GONZALEZFIGUEROA|1
GONZALEZJR|1
GOOD|1
GOODLETT|1
GOODLETTIV|1
GOODMAN|1
GOODNO|1
GOODRIGE|1
GOODSTEIN|1
GOODWINFERGUSON|1
GOODYEAR|1
GOOLDY|1
GOOLSBEE|1
GOPARAJU|1
GORAYA|1
GORE|1
GORHAMWEEKS|1
GORLICK|1
GORMLEY|1
GORORDO|1
GOSHERT|1
GOSSETT|1
GOSTANIAN|1
GOTCHER|1
GOTHARD|1
GOTTSCHALK|1
GOURDINE|1
GOVAN|1
GOWDEY|1
GOWEN|1
GOYENAGA|1
GOYZUETA|1
GRACE|1
GRADESS|1
GRADY|1
GRAEF|1
GRAFF|1
GRAMBOW|1
GRANADA|1
GRANADOS|1
GRANTBRANCH|1
GRANZIN|1
GRASE|1
GRASSETTI|1
GRASTY|1
GRAVE|1
GRAVESJOHNSON|1
GRAYBILL|1
GRAYGAILLARDE|1
GRAYSON|1
GRAZIANO|1
GRAZOVSKI|1
GREENBAUM|1
GREENBERG|1
GREENBERGER|1
GREENBERGNEMBHARD|1
GREENEMARTIN|1
GREENMAN|1
GREENSTREET|1
GREENWALD|1
GREENWALT|1
GREENWAY|1
GREGOIRE|1
GREGROW|1
GREISEN|1
GREISSING|1
GRENIER|1
GREULE|1
GREY|1
GRICE|1
GRIDDLE|1
GRIFFEY|1
GRIFFITH|1
GRIFFITHSHIGH|1
GRIGGS|1
GRIMSEY|1
GRIMSHAW|1
GRIPPO|1
GRODEK|1
GROGAN|1
GROGANBROWN|1
GROGINSKY|1
GROJEAN|1
GRONWOLD|1
GROOMS|1
GROSPE|1
GROSSER|1
GROTHAUS|1
GROVE|1
GRUBER|1
GRUENKE|1
GRUERE|1
GRUFT|1
GRUICH|1
GRUMBACH|1
GRUNDLOCK|1
GRUNER|1
GRUNEWALD|1
GRUNIG|1
GRUNNER|1
GRUNSFELD|1
GRUSSING|1
GRZYB|1
GUANU|1
GUBER|1
GUDMUNDSDOTTIR|1
GUELLA|1
GUENO|1
GUENTHER|1
GUERARD|1
GUERNSEY|1
GUERRO|1
GUGGEMOSEDWARD|1
GUIAO|1
GUIBERSON|1
GUILLAUME|1
GUILLORYDOMINQUE|1
GUIRENGANE|1
GUIRY|1
GULERTUCK|1
GULL|1
GULLO|1
GUNDERSON|1
GUNNETT|1
GUNNING|1
GUOHUAN|1
GURGANUS|1
GURIES|1
GURNER|1
GUSMAN|1
GUSTAFSON|1
GUSTAS|1
GUTHERY|1
GUTTERMAN|1
GUZY|1
GWINN|1
HA|1
HAAR|1
HAAS|1
HAASE|1
HAASJR|1
HABBAL|1
HABEL|1
HABERSTROH|1
HABIB|1
HABIGHORST|1
HABLE|1
HACKEN|1
HACOCK|1
HADDAD|1
HADJI|1
HADLEY|1
HAERING|1
HAGEMANN|1
HAGEN|1
HAGGIN|1
HAGOOD|1
HAHN|1
HAIDARI|1
HAIDER|1
HAILE|1
HAILEY|1
HAINCHEK|1
HAIYING|1
HAKIM|1
HAKIMUDDIN|1
HALAC|1
HALAS|1
HALER|1
HALEY|1
HALFMANN|1
HALKETT|1
HALLA|1
HALLADAY|1
HALLERKAPLAN|1
HALLMAN|1
HALLMARK|1
HALLORAN|1
HALLOWAY|1
HALPERN|1
HALPIN|1
HALSEY|1
HALSTEAD|1
HALTMEYER|1
HALTOMIRWIN|1
HAM|1
HAMERNICK|1
HAMM|1
HAMMAMI|1
HAMMETT|1
HAMMITH|1
HAMMITT|1
HAMMONDS|1
HAMPEL|1
HAMRICK|1
HAN|1
HAND|1
HANDFIELD|1
HANE|1
HANGAWATTE|1
HANIEF|1
HANIM|1
HANKEY|1
HANKINSON|1
HANLEY|1
HANLON|1
HANNAH|1
HANNIE|1
HANNING|1
HANSENVIK|1
HAPERSKIJ|1
HARALAMBIS|1
HARASIMOWICZ|1
HARDCASTLE|1
HARDEN|1
HARDHAM|1
HARDMAN|1
HARDWICK|1
HARDWICKII|1
HARGETT|1
HARGRAVE|1
HARGRAVES|1
HARGROVE|1
HARLEY|1
HARLSON|1
HARMATA|1
HARMEYER|1
HARN|1
HARNEY|1
HARNISH|1
HARO|1
HARPERJR|1
HARRALSON|1
HARRELSON|1
HARRIMAN|1
HARRY|1
HARTE|1
HARTENSTEIN|1
HARTKA|1
HARTL|1
HARTLAUB|1
HARTLE|1
HARTMANII|1
HARTNEY|1
HARTSFIELD|1
HARTT|1
HARTUNG|1
HARTZ|1
HARTZELL|1
HARVILLE|1
HASFURTHER|1
HASHIMOTO|1
HASKELL|1
HASKINS|1
HASLACH|1
HASSIDIM|1
HASTINGS|1
HATCH|1
HATCHER|1
HATCHETT|1
HATFIELD|1
HATMAKER|1
HATTON|1
HAUCK|1
HAUER|1
HAUGHT|1
HAUGHTON|1
HAVEL|1
HAVES|1
HAWK|1
HAWKES|1
HAWKINGS|1
HAWKINSJR|1
HAWKINSON|1
HAWN|1
HAYSBERT|1
HAYTOCK|1
HAYWARD|1
HEAD|1
HEADLEY|1
HEAFEY|1
HEARD|1
HEARN|1
HEARON|1
HEASER|1
HEATHER|1
HEATON|1
HEBB|1
HECHT|1
HECKMAN|1
HEDDE|1
HEDDEN|1
HEDDINGS|1
HEDELMAN|1
HEDRINGTONJR|1
HEFNER|1
HEFTER|1
HEGARTYPIZZOLATO|1
HEGGEN|1
HEIDEN|1
HEIDENREICH|1
HEIL|1
HEILIJER|1
HEIMBOLD|1
HEINE|1
HEINEMAN|1
HEINEMANN|1
HEITMANN|1
HEITMEIER|1
HEITZER|1
HEITZMAN|1
HEKTNER|1
HELD|1
HELGEMO|1
HELLAN|1
HELLER|1
HELM|1
HELMBACH|1
HELMBACHER|1
HELMRICKBLOSSOM|1
HELMS|1
HEMBRE|1
HEMBREY|1
HENBEST|1
HENDERSONBARRY|1
HENDERSONII|1
HENDERSONLOTT|1
HENDON|1
HENDRIX|1
HENDRY|1
HENEGAR|1
HENIG|1
HENLE|1
HENN|1
HENNESSEY|1
HENNESSY|1
HENNINGTON|1
HENRICH|1
HENRICHS|1
HENRIKSEN|1
HENRIQUEZ|1
HENRYJR|1
HENSLEY|1
HENSMAN|1
HENSON|1
HEPPENIBANEZ|1
HERBASLOUREIRO|1
HERBERTJR|1
HERBIG|1
HERBST|1
HERBURGER|1
HERDER|1
HERNIMAN|1
HERON|1
HERR|1
HERRE|1
HERREL|1
HERRERRA|1
HERRICK|1
HERRINGTON|1
HERRINGYSAGUIRRE|1
HERRINTON|1
HERSCHELL|1
HERSHKOWITZ|1
HERSMAN|1
HERZAK|1
HERZICH|1
HERZOG|1
HESIAGOUVEIA|1
HESSE|1
HETZNER|1
HEYDEN|1
HEYERDAHL|1
HEYWARD|1
HIBBERTSIMPSON|1
HICKEY|1
HICKMOTT|1
HIGDON|1
HIGGINSON|1
HIGH|1
HIGHAM|1
HIGHFILL|1
HIGHNAM|1
HIGHSMITH|1
HILBRICH|1
HILBURG|1
HILCHIE|1
HILDEBRAND|1
HILDRETH|1
HILLAM|1
HILLEN|1
HILLMAN|1
HILLROLLER|1
HILLS|1
HILSTOCK|1
HILTON|1
HILTUNEN|1
HIMELES|1
HINCHMAN|1
HINCKLEY|1
HINDSMAN|1
HINDUJA|1
HINGORANI|1
HINKLE|1
HINOJOSA|1
HIRSCHFIELD|1
HIRSCHHORN|1
HIRSH|1
HITCHCOCK|1
HITE|1
HIX|1
HNATH|1
HOAGLAND|1
HOAKS|1
HOBACK|1
HOCHMAN|1
HOCHSTADT|1
HOCHSTETTER|1
HOCKE|1
HOCKENSMITH|1
HODGE|1
HODGEWELLS|1
HODGSON|1
HODUM|1
HODZIC|1
HOEKSEMA|1
HOEKSTRA|1
HOFER|1
HOFF|1
HOFFMANN|1
HOFFRITZ|1
HOGANNICKS|1
HOGGE|1
HOGLAND|1
HOGLE|1
HOGSETT|1
HOGUE DUFFY|1
HOHLFELD|1
HOHN|1
HOJNACKI|1
HOKAI|1
HOLCOMB|1
HOLCOMBE|1
HOLDEN|1
HOLDERWALKER|1
HOLE|1
HOLENCHKO|1
HOLGATE|1
HOLIDAY|1
HOLLAWAY|1
HOLLERAN|1
HOLLIDAY|1
HOLLIMAN|1
HOLLINGSWORTH|1
HOLLINSCOLEMAN|1
HOLLIS|1
HOLLON|1
HOLLOS|1
HOLLOWAY|1
HOLM|1
HOLMAN|1
HOLMESMCKOY|1
HOLMGREN|1
HOLSEY|1
HOLTGRAVE|1
HOLTON|1
HOLTZAPPLE|1
HOLTZINGER|1
HOM|1
HOMBERG|1
HONABLEW|1
HONEYMAN|1
HOOPER|1
HOOT|1
HOPE|1
HOPEWELL|1
HOPKINSON|1
HORAK|1
HORANEY|1
HORCASITAS|1
HORNBERGER|1
HORNER|1
HORSKY|1
HORTMAN|1
HORWITZ|1
HOSBEIN|1
HOSCH|1
HOSS|1
HOSSFELD|1
HOSTETLER|1
HOTALING|1
HOTOPP|1
HOU|1
HOUCK|1
HOUCKJR|1
HOUSE|1
HOUSPON|1
HOY|1
HOYER|1
HOYLER|1
HOYT|1
HRUSKA|1
HUBBELL|1
HUBRED|1
HUDDY|1
HUDSPETH|1
HUECKEL|1
HUESTIS|1
HUFFER|1
HUFFINE|1
HUFNAGEL|1
HUGGINS|1
HUGHESJOHNSON|1
HUGHSONJR|1
HULBERG|1
HULIHAN|1
HULIN|1
HULL|1
HULLETTE|1
HULS|1
HULSIZER|1
HULT|1
HUM|1
HUME|1
HUML|1
HUMMER|1
HUMPHREYS|1
HUMPRIES|1
HUNER|1
HUNSBERGER|1
HUNSUCKER|1
HUNTINGTON|1
HUNTWHITE|1
HUNWARDSEN|1
HURGETON|1
HURLBERT|1
HURLBUT|1
HURTER|1
HUSER|1
HUSMANN|1
HUSSAIN|1
HUSSAR|1
HUSSEIN|1
HUSSEY|1
HUTCH|1
HUTCHESON|1
HUTCHINGS|1
HUTCHINS|1
HUTCHISON|1
HUTHNANCE|1
HUTTER|1
HYAMS|1
HYBELS|1
HYDE|1
HYER|1
HYLAND|1
HYLTON|1
HYNEK|1
IACOVETTO|1
IANNUZZO|1
IERARDI|1
IGUMNOVA|1
IKEDIONWU|1
ILENKO|1
ILLINGWORTH|1
ILOULIAN|1
ILOWIECKI|1
ILOWITZ|1
IMDAD|1
IMMANUEL|1
IMMELT|1
IMPAGLIAZZO|1
IMPAVIDO|1
IMRAN|1
INABA|1
INDOREWALA|1
INGBER|1
INGEGNERI|1
INGEMANN|1
INGHAM|1
INGLEE|1
INGLESBY|1
INGRAMII|1
INSCORE|1
INSLEY|1
INTERIANO|1
IPPOLITOVA|1
IRIBARRENJOHANNSON|1
IRISH|1
IRIZARRY|1
IRVING|1
IRWIN II|1
ISAACMAN|1
ISAACS|1
ISAACSON|1
ISERN|1
ISGAN|1
ISIDORIO|1
ISLAM|1
ISOM|1
ISRAEL|1
ISSA|1
ISSETTE|1
ISUSI|1
IVES|1
IVY|1
IWEN|1
IWRY|1
IYER|1
IZADI|1
IZUMIZAKI|1
JABLONOWSKI|1
JACKMAN|1
JACOB|1
JACOBY|1
JACQUET|1
JADCZAK|1
JAFF|1
JAFFE|1
JAFFEE|1
JAFFERY|1
JAFRI|1
JAGGERS|1
JAHANBANI|1
JAHANPOURBURKE|1
JAHNKE|1
JAKSHA|1
JAKUBOW|1
JAKYA|1
JAMESII|1
JAMISON|1
JANER|1
JANEWAY|1
JANG|1
JANOFF|1
JANSEN|1
JANUS|1
JAQUES|1
JARBOE|1
JARDIM|1
JAREMA|1
JAROSI|1
JARRATT|1
JARRELL|1
JARRETT|1
JARVIS|1
JASCHKE|1
JASIENOWSKI|1
JASINSKI|1
JATZEN|1
JAWANDO|1
JAWARA|1
JAY|1
JAYNE|1
JAYROE|1
JEANNE|1
JEAY|1
JEFFCOAT|1
JEFFERIES|1
JEFFREY|1
JELLESIPPEL|1
JENCKS|1
JENDERKO|1
JENIFER|1
JENNISCH|1
JENNY|1
JEREB|1
JERNEJCIC|1
JERNIGAN|1
JEROME|1
JESSEMAN|1
JESTER|1
JETER|1
JETERTHOMAS|1
JEUNG|1
JIANG|1
JILL|1
JILLA|1
JIMERSON|1
JINKS|1
JOACHIM|1
JOB|1
JOHANSEN|1
JOHANSON|1
JOHNS|1
JOHNSEN|1
JOHNSONCIORDIA|1
JOLIN|1
JOLLA|1
JOLLEY|1
JONATHAN|1
JONESCO|1
JONESJR|1
JONESWHITLEY|1
JOPLIN|1
JORGENSON|1
JORLING|1
JORTH|1
JOSLYN|1
JOSS|1
JOY|1
JUDKINS|1
JUDKINSPRYOR|1
JULIEN|1
JULOT|1
JULSETH|1
JUMP|1
JUNK|1
JUVENS|1
KAFAS|1
KAHLER|1
KAHNHAUSER|1
KAHSAY|1
KAISER|1
KALAFUT|1
KALAM|1
KALEMBER|1
KALINSKI|1
KALLIL|1
KALSI|1
KAMINSKI|1
KAMIYAMA|1
KAMMERER|1
KAMP|1
KANAVEL|1
KANDRAY|1
KANER|1
KANIA|1
KANNEL|1
KAPHAEM|1
KAPUSTKA|1
KARASTELEV|1
KARASZEWSKI|1
KAREN|1
KARET|1
KARGBO|1
KARIMIAN|1
KARKI|1
KARLINER|1
KARLOUTSOS|1
KARNOW|1
KARPINSKI|1
KARR|1
KARSEN|1
KARSSIENS|1
KARST|1
KARTSIMAS|1
KASCHAK|1
KASDAN|1
KASEY|1
KASHYAP|1
KASLE|1
KASPER|1
KASSAN|1
KASSIII|1
KASTENBAUM|1
KATEHITSEREGOUNIS|1
KATEPALLI|1
KAUFFMANN|1
KAUFMANN|1
KAVANAGH|1
KAWAHARA|1
KAWALCHUK|1
KAWASHIRI|1
KAYATTA|1
KAYSER|1
KAZARIAN|1
KEANE|1
KEAREHODGE|1
KEARTON|1
KEATING|1
KEBEDE|1
KECK|1
KEEGSTRA|1
KEEHAN|1
KEELE|1
KEENEY|1
KEEPER|1
KEESING|1
KEEVE|1
KEILIN|1
KEIRAN|1
KEISTER|1
KEITEL|1
KEITHLINE|1
KELIN|1
KELLMAN|1
KELLOGG|1
KELLON|1
KELMAN|1
KELSCH|1
KEMPF|1
KEMPNER|1
KENDALL|1
KENDROS|1
KENNARD|1
KENNEMERIII|1
KENNERLY|1
KENNETH|1
KENNISON|1
KENRICH|1
KENYON|1
KEOSSEIAN|1
KERLIKOWSKE|1
KERMICK|1
KERN|1
KERNERMAN|1
KERNISAN|1
KERNS|1
KERRONE|1
KERSEY|1
KERTESZ|1
KERTZ|1
KESIRAJU|1
KESSELRING|1
KESSLING|1
KETTNER|1
KEVIN|1
KEYES|1
KEYSER|1
KHAJAVISHOJAEI|1
KHALEDI|1
KHALID|1
KHALIQ|1
KHAMOUSHIAN|1
KHANCHANDANI|1
KHLIF|1
KHOSHKHABARI|1
KICZA|1
KIDWELL|1
KIEFER|1
KIEL|1
KIENZLE|1
KIERNAN|1
KIESSLING|1
KILEY|1
KILGARIFF|1
KILIAN|1
KILIMNIK|1
KILKUS|1
KILLAWI|1
KILLINGS|1
KILLMEYER|1
KILPATRICK|1
KILROY|1
KIMBERLING|1
KIMBRELL|1
KIMINYO|1
KIMMEL|1
KIMURA|1
KINDWALL|1
KINGIII|1
KINGPASCALL|1
KINGSHOTT|1
KINGSTON|1
KINNAS|1
KINNEBREW|1
KINNER|1
KINNISTEN|1
KINSEY|1
KINTON|1
KINTZ|1
KIRABISHA|1
KIRAN|1
KIRBYSR|1
KIREILIS|1
KIRKPATRICK|1
KIRKWOODBEY|1
KIRKWYLAND|1
KIRLIN|1
KIRSCH|1
KIRSCHNER|1
KIRTLEY|1
KIRZ|1
KISH|1
KISSELL|1
KISSINGER|1
KISSLER|1
KITTLESONWILKER|1
KITTLESSR|1
KITTREDGE|1
KITZHABER|1
KIVLIGHAN|1
KIZER|1
KIZZA|1
KJELDSEN|1
KLABER|1
KLABUNDE|1
KLARENBEEK|1
KLASS|1
KLAUSBONCZYK|1
KLAUSSER|1
KLAVON|1
KLAY|1
KLEIMAN|1
KLEIMENOV|1
KLEINHUZIEN|1
KLEINMAN|1
KLEINSORGE|1
KLEMENTICH|1
KLOPSIS|1
KLOUSSNER|1
KLOVERS|1
KLUCK|1
KNAPP|1
KNAUS|1
KNEALE|1
KNEPP|1
KNIGHTON|1
KNOBLAUCH|1
KNOECK|1
KNOFCZYNKI|1
KNOLL|1
KNOWLTON|1
KNOX|1
KNUTESON|1
KNUTSON|1
KNUUTILA|1
KOBRAN|1
KOBYLARCZYK|1
KOCHEL|1
KOCIENDA|1
KODUMAGULLA|1
KOEBEL|1
KOECHIG|1
KOEHLER|1
KOENIG|1
KOENITZER|1
KOERNER|1
KOETTING|1
KOHL|1
KOHLHOFF|1
KOHLI|1
KOHLMAIER|1
KOHNSTAMM|1
KOLAWOLE|1
KOLDOFF|1
KOLIN|1
KOLLE|1
KOLLIPARA|1
KOLOGE|1
KOLTAI|1
KOMINEK|1
KOMMAREDDI|1
KOMOL|1
KOMOROV|1
KOMPELIEN|1
KOMYAGINA|1
KONADU|1
KONDURU|1
KONECNY|1
KONG|1
KONIECZNY|1
KONTNY|1
KONZE|1
KOOB|1
KOOI|1
KOOLA|1
KOONS|1
KOPACKA|1
KOPPELL|1
KORCH|1
KORCZAK|1
KORKOR|1
KORN|1
KOROMA|1
KOROUS|1
KORTE|1
KOSAKSCHLAEFER|1
KOSH|1
KOSLOSKY|1
KOSS|1
KOST|1
KOSTEREVA|1
KOTCHARIAN|1
KOTLOWSKI|1
KOTVAL|1
KOUGEAS|1
KOURAYARA|1
KOVACH|1
KOVICH|1
KOWALEWSKI|1
KOWALSKY|1
KOZAK|1
KOZMA|1
KOZUB|1
KPA|1
KRABACHER|1
KRAFT|1
KRALIK|1
KRAMPS|1
KRANTZ|1
KRASNOZON|1
KRAUS|1
KRAUTER|1
KRAVITZ|1
KRAWCZYK|1
KRAYNAK|1
KREBBS|1
KREBS|1
KREFT|1
KREILEIN|1
KREIN|1
KREINER|1
KREITSEK|1
KREMPA|1
KRESGE|1
KRESS|1
KRESSE|1
KRETZ|1
KREUGER|1
KRIGBAUM|1
KRIGSTEIN|1
KRIKORIAN|1
KRITZER|1
KRIZE|1
KROB|1
KROLL|1
KRONGOLD|1
KROUSE|1
KRUEGER|1
KRULL|1
KRZNARICH|1
KUBAN|1
KUBAT|1
KUBIK|1
KUEFFNER|1
KUENNEN|1
KUERBITZ|1
KUETER|1
KUHN|1
KUIPER|1
KUJABI|1
KULAGE|1
KULKAMI|1
KULPA|1
KUMPF|1
KUMRA|1
KUNDRA|1
KUNG|1
KUNIHIRO|1
KUNKEL|1
KUNKLE|1
KUNTZ|1
KUNZ|1
KUPFERBERG|1
KUPRADIT|1
KURCAB|1
KURLAND|1
KUROSE|1
KURSTIN|1
KUSH|1
KUSHNER|1
KUSUMPA|1
KUTTNER|1
KUYKENDALL|1
KUYKENDOLL|1
KUZMANIC|1
KVAAL|1
KWAG|1
KWIATKOWSKY|1
KWON|1
KYRIACOU|1
KYTTLE|1
LAABS|1
LAATSCH|1
LABARDEE|1
LABAZE|1
LABONTE|1
LABORDE|1
LABRUE|1
LACAVA|1
LACHAPELLE|1
LACOLLINS|1
LACOUNT|1
LACOURSIERE|1
LACOURT|1
LACROIX|1
LACSAMANA|1
LADDEN|1
LADEIRA|1
LAFFERTY|1
LAFFERTYFURPHY|1
LAFLEUR|1
LAFOND|1
LAGDAMEO|1
LAGERWEY|1
LAGMAN|1
LAHAIE|1
LAHIFF|1
LAHIJANIAN|1
LAIBE|1
LAIKINCREDNO|1
LAINE|1
LAKATOS|1
LAKEN|1
LAKHANI|1
LAL|1
LAMAR|1
LAMARCA|1
LAMBATKINSON|1
LAMBERTH|1
LAMBERTI|1
LAMIE|1
LAMONICA|1
LAMONT|1
LAMOUTTE|1
LAMPERII|1
LAMPERTIUS|1
LAMPMAN|1
LAMPTON|1
LANCTOTCOTE|1
LAND|1
LANDECHE|1
LANDIS|1
LANDROM|1
LANES|1
LANGBAUM|1
LANGENDORF|1
LANGENFELD|1
LANGGUTH|1
LANGOWSKI|1
LANGSTON|1
LANGTON|1
LANINI|1
LANSCHE|1
LANSKAMORIN|1
LANTONKPODE|1
LANTZY|1
LAPENTA|1
LAPENTER|1
LAPLANTEDUBE|1
LAPPE|1
LARA|1
LARIBA|1
LARKIN|1
LARNER|1
LAROCCA|1
LARSSON|1
LARUE|1
LARUS|1
LASHLEE|1
LASHLEY|1
LASSALLE|1
LASSITER|1
LASTER|1
LASWELL|1
LATCHAW|1
LATOCKI|1
LATONDRESSE|1
LATREMOUILLE|1
LATSKO|1
LATTA|1
LATTUADA|1
LAUCK|1
LAUCKS|1
LAUFE|1
LAUGHLIN|1
LAUGHREY|1
LAUNDERVILLE|1
LAUPER|1
LAUREN|1
LAURENS|1
LAURITZEN|1
LAUTERBACH|1
LAVELLE|1
LAVIER|1
LAVIERO|1
LAVOIE|1
LAVY|1
LAWHORNE|1
LAWS|1
LAWTHER|1
LAWTON|1
LAWYER|1
LAYDSON|1
LAYMAN|1
LAZAROWITZ|1
LEA|1
LEADER|1
LEAF|1
LEAHY|1
LEAL|1
LEARMONTH|1
LEATH|1
LEAVENSJR|1
LEAVER|1
LEBARON|1
LEBLANC|1
LEBORNE|1
LEBRETT|1
LEBRETTON|1
LEBSON|1
LECCE|1
LECHNER|1
LEDBETTER|1
LEEDS|1
LEEDY|1
LEEK|1
LEEP|1
LEETY|1
LEFF|1
LEFKOFSKY|1
LEFRANCJR|1
LEGENDRE|1
LEGER|1
LEGGETT|1
LEGGIN|1
LEGHORN|1
LEGO|1
LEGRYS|1
LEHMER|1
LEHRERSTEIN|1
LEHRMAN|1
LEIBA|1
LEIDY|1
LEIFMAN|1
LEIGHTON|1
LEIMER|1
LEIST|1
LEISTIKOW|1
LELANDMAYER|1
LELLOUCHE|1
LELYVELD|1
LEMAITRE|1
LEMARIE|1
LEMBO|1
LEMENS|1
LEMNIOS|1
LEMONS|1
LEMPERT|1
LENAHAN|1
LENG|1
LENGYEL|1
LENHERT|1
LENNERT|1
LENSBOWER|1
LENT|1
LENTRICHIA|1
LENTZ|1
LEO|1
LEONE|1
LEONGHONG|1
LEOPOLD|1
LEPEAU|1
LEPELSTAT|1
LEPERE|1
LERMA|1
LEROY|1
LERSCH|1
LESCHACK|1
LESHER|1
LESLIE|1
LESNAK|1
LETT|1
LETTENEY|1
LETTRE|1
LEUNG|1
LEUTWILER|1
LEVAI|1
LEVENBACH|1
LEVENSON|1
LEVENTHAL|1
LEVESQUE|1
LEW|1
LEWANDOWSKI|1
LEWIN|1
LEY|1
LEYBA|1
LEYVATOLEDO|1
LHELIASDELATTRE|1
LIANG|1
LIAO|1
LIAPISMUZZY|1
LIBAL|1
LIBERATORE|1
LIBERMAN|1
LIBETTI|1
LICHENSPARK|1
LICHTENSTEIN|1
LIDINSKY|1
LIEBER|1
LIEBERMAN|1
LIEBEROFF|1
LIEBMAN|1
LIEN|1
LIENESCH|1
LIERSEMANN|1
LIERTZ|1
LIES|1
LIEU|1
LIGHTBOWN|1
LIGHTFOOT|1
LIGHTSEY|1
LIGONDE|1
LIGUORI|1
LIJEWSKI|1
LIM|1
LIMA|1
LIMB|1
LIMBAUGH|1
LIMEBURNER|1
LINARES|1
LINCKS|1
LIND|1
LINDAHL|1
LINDBERG|1
LINDELL|1
LINDENBAUM|1
LINDESAY|1
LINDGREN|1
LINDLY|1
LINDNER|1
LINDQUIST|1
LINDSAY|1
LINDSEYBENNETT|1
LINDSTROM|1
LINGENFELTER|1
LINGER|1
LINGLE|1
LINHARES|1
LINK|1
LINNE|1
LIPPEL|1
LIPSEN|1
LIPSETZ|1
LIPTON|1
LIROFF|1
LISKEVYCH|1
LISS|1
LIST|1
LISTER|1
LISTOKIN|1
LITT|1
LITTENBERG|1
LITTLEJOHN|1
LITTY|1
LITVINOVA|1
LITWER|1
LITWIN|1
LIZAMA|1
LIZARRAGA|1
LIZE|1
LLOVIO|1
LLOYDJR|1
LLUBERES|1
LO|1
LOBANA|1
LOCKARD|1
LOCKROW|1
LOCKWOOD|1
LODAL|1
LODES|1
LODHI|1
LOEBSACK|1
LOEW|1
LOFE|1
LOFTHUS|1
LOFTON|1
LOGANI|1
LOGAR|1
LOGOGLU|1
LOHNER|1
LOI|1
LOLLIS|1
LOMBARDO|1
LOMBOR|1
LOMELI|1
LONDHE|1
LONGAUER|1
LONGHI|1
LONGNECKER|1
LONGO|1
LOO|1
LOOK|1
LOOP|1
LOPA|1
LOPESILVERO|1
LOPEZ DEL HIERRO|1
LOPEZERAZO|1
LOPEZIII|1
LOPEZVALENCIA|1
LORD|1
LORENTZ|1
LORENTZEN|1
LORENZEN|1
LORINA|1
LORMIS|1
LOSI|1
LOTH|1
LOTIERZO|1
LOTT|1
LOTTS|1
LOUIS|1
LOUNSBURY|1
LOUTHEN|1
LOVEBAKER|1
LOVEDAY|1
LOVELACE|1
LOVELL|1
LOVERN|1
LOVETTE|1
LOVGREN|1
LOVING|1
LOW|1
LOWELL|1
LOWERRE|1
LOWERYIII|1
LOWEY|1
LOWMAN|1
LOWMILLER|1
LOWRY|1
LOYAGIL|1
LOYD|1
LOZA|1
LOZANO|1
LU|1
LUBBER|1
LUBCHENCO|1
LUBINSKI|1
LUCA|1
LUCIOUSKING|1
LUCIUS|1
LUCKETT|1
LUCKY|1
LUCY|1
LUCZAK|1
LUDFORD|1
LUDMAN|1
LUEDERS|1
LUGO|1
LUGRAIN|1
LUJAN|1
LUK|1
LUKE|1
LUKENSMEYER|1
LUKICH|1
LUKONIS|1
LUMPKIN|1
LUMSDEN|1
LUNDEN|1
LUNDQUIST|1
LUNDY|1
LUNIN|1
LUNSFORD|1
LUO|1
LUTTON|1
LUTWAK|1
LUX|1
LY|1
LYBRAND|1
LYDEY|1
LYKE|1
LYKES|1
LYNES|1
LYNNIII|1
LYON|1
LYONNISBET|1
MAASDAM|1
MAATZ|1
MABBOTT|1
MABUD|1
MACARIO|1
MACCALLUM|1
MACCRAITH|1
MACDOUGALL|1
MACFARLANE|1
MACHUM|1
MACINNIS|1
MACINTYRE|1
MACIOLEK|1
MACKIE|1
MACKIEWICZ|1
MACKINNEY|1
MACKLES|1
MACLAREN|1
MACLEAN|1
MACMILLAN|1
MACNARY|1
MACNAUGHTON|1
MACNEE|1
MACON|1
MACPHERSON|1
MACRAE|1
MACTAVIOUS|1
MACY|1
MACZKA|1
MADALENO|1
MADDON|1
MADDOX|1
MADEA|1
MADEYA|1
MADRID|1
MADSEN|1
MADSENHOLZBERG|1
MADU|1
MADUZIA|1
MAEA|1
MAEDA|1
MAER|1
MAESTAS|1
MAGG|1
MAGGIANO|1
MAGGIO|1
MAGNUSON|1
MAGOON|1
MAGRANE|1
MAGRUDER|1
MAGUDER|1
MAGUIRE|1
MAGWOOD|1
MAHAFFEY|1
MAHAMAT|1
MAHANTA|1
MAHONEYGLEASON|1
MAINZ|1
MAISCH|1
MAJCHROWITZ|1
MAKHIJA|1
MAKONI|1
MAKOWSKY|1
MAKSOUDOV|1
MALACHOWSKI|1
MALCHOW|1
MALDONADODIAZ|1
MALIK|1
MALISKA|1
MALKIN|1
MALKOWSKI|1
MALL|1
MALLARO|1
MALLGRAVE|1
MALLICK|1
MALLORY|1
MALLY|1
MALONEYJR|1
MALTZ|1
MALVEAUX|1
MAMET|1
MANCILLA|1
MANCINI|1
MANCINIK|1
MANDAVILLE|1
MANDEL|1
MANDELL|1
MANDELSTAM|1
MANDERIOLI|1
MANER|1
MANFRE|1
MANGANIELLO|1
MANGIONE|1
MANGLER|1
MANGUM|1
MANIACI|1
MANKAJANG|1
MANKINS|1
MANKUTA|1
MANLEY|1
MANNA|1
MANNARELLI|1
MANNONJR|1
MANO|1
MANRIQUE|1
MANSO|1
MANTELL|1
MANTRAVADI|1
MANZANO|1
MANZOLILLO|1
MARANTZ|1
MARBURY|1
MARCHBANKS|1
MARCILLE|1
MARCOTTE|1
MARCOVECCHIO|1
MARCUSALLEN|1
MARDIS|1
MAREDIA|1
MAREZ|1
MARGELOT|1
MARGOLIES|1
MARGRETT|1
MARICLE|1
MARIEMAGDELAINE|1
MARIEN|1
MARILLA|1
MARIN|1
MARINA|1
MARINAKOS|1
MARINER|1
MARION|1
MARKERT|1
MARKHAM|1
MARKOULIS|1
MARKOVIC|1
MARKOWITZ|1
MARKSJR|1
MARKWOOD|1
MARLAND|1
MARNEFFE|1
MARONO|1
MARR|1
MARRERO|1
MARRION|1
MARRIOTT|1
MARROQUIN|1
MARROW|1
MARSDEN|1
MARSH|1
MARTINMCKENNA|1
MARTONE|1
MARTY|1
MARUSCHKO|1
MARUSHI|1
MARVEL|1
MARWELL|1
MARY|1
MASENGILL|1
MASK|1
MASKAJACKSON|1
MASLAC|1
MASLOSKI|1
MASSEY|1
MASSMANN|1
MAST|1
MASTEL|1
MASTERS|1
MASTROIANNI|1
MATARAZZO|1
MATHENEY|1
MATHER|1
MATHESON|1
MATHIESON|1
MATHISEN|1
MATIELLA|1
MATINHARI|1
MATNEY|1
MATTERS|1
MATTESON|1
MATTHEWSSR|1
MATTISE|1
MATTISON|1
MATTSON|1
MATUSCHKA|1
MATUSIAK|1
MATYUS|1
MATZ|1
MATZKE|1
MAUBAN|1
MAUER|1
MAURER|1
MAURO|1
MAUSSER|1
MAVENGERE|1
MAWANGA|1
MAXHAM|1
MAY|1
MAYES|1
MAYHAN|1
MAYHEW|1
MAYMON|1
MAYSHURA|1
MAZIK|1
MAZONSON|1
MAZRIMAS|1
MAZRIN|1
MAZUR|1
MAZURSKY|1
MAZZA|1
MAZZACONE|1
MAZZANTI|1
MCADORY|1
MCANDREWS|1
MCANELLY|1
MCARDLE|1
MCARTHUR|1
MCAUGHAN|1
MCAULIFFE|1
MCBEE|1
MCBETH|1
MCBRIDE|1
MCCAFFREY|1
MCCAMMON|1
MCCAMPBELL|1
MCCANCE|1
MCCANN|1
MCCANNON|1
MCCARRELL|1
MCCARRON|1
MCCARTHEY|1
MCCARTIN|1
MCCARY|1
MCCASKILL|1
MCCAUSLIN|1
MCCAWLEY|1
MCCLAFFERTY|1
MCCLAIN|1
MCCLAY|1
MCCLEES|1
MCCLELLAND|1
MCCLENAHAN|1
MCCLINTOCK|1
MCCLINTON|1
MCCLORY|1
MCCLOSKEY|1
MCCOLLUM|1
MCCOMB|1
MCCOMBS|1
MCCOOL|1
MCCORD|1
MCCORKLE|1
MCCOVERY|1
MCCRACKEN|1
MCCRORY|1
MCCUBBIN|1
MCCURRY|1
MCCUTCHEON|1
MCDANIEL|1
MCDOLE|1
MCDONALDJR|1
MCDONNELL|1
MCDONOUGH|1
MCELRATH|1
MCELRONE|1
MCELVEEN|1
MCENTIRE|1
MCEVILLEY|1
MCEVOY|1
MCEWAN|1
MCEWEN|1
MCFARLAND|1
MCGAHA|1
MCGAREY|1
MCGARRIGLE|1
MCGARY|1
MCGEEBROWN|1
MCGEHEE|1
MCGHEE|1
MCGINTY|1
MCGLASHEN|1
MCGLINN|1
MCGLINSEY|1
MCGLYNN|1
MCGOVERN|1
MCGOVERNJUNCO|1
MCGRANAHAN|1
MCGREGOR|1
MCGROGAN|1
MCHALE|1
MCHOSE|1
MCHUTCHISON|1
MCILQUHAM|1
MCINERNEY|1
MCINERNY|1
MCINTYRE|1
MCKECHNIE|1
MCKELVEY|1
MCKENDRY|1
MCKENZIEREID|1
MCKEOWN|1
MCKESSON|1
MCKINLEY|1
MCKINLEYSHELTON|1
MCKOWN|1
MCLAURIN|1
MCLEMORE|1
MCLENDON|1
MCLOUGHLIN|1
MCMASTER|1
MCMILLIAN|1
MCMINN|1
MCMULLENN|1
MCNAIR|1
MCNALLY|1
MCNAMAR|1
MCNEESEHARGETT|1
MCNEICE|1
MCNEIECE|1
MCNULTY|1
MCONOUGH|1
MCPHAIL|1
MCPHAULL|1
MCQUERREY|1
MCQUILKIN|1
MCREYNOLDS|1
MCSHANE|1
MCTIGHTE|1
MCWETHY|1
MCWILLIAMS|1
MEADOWS|1
MEADVIN|1
MEARINI|1
MECK|1
MECKEL|1
MEDEIROS|1
MEDEIROSJR|1
MEDIAVILLO|1
MEDLIN|1
MEDVE|1
MEEDER|1
MEEKER|1
MEEKINS|1
MEFTAH|1
MEGAS|1
MEGASON|1
MEGE|1
MEGHA|1
MEGINNESS|1
MEGQUIER|1
MEGYERI|1
MEHAFFEY|1
MEHLENBACHER|1
MEHLHOUSE|1
MEIER|1
MEIGHAN|1
MEILAK|1
MEISCHBERGER|1
MEJIA|1
MEJIABUENANO|1
MEKKI|1
MELARA|1
MELBERTH|1
MELCHER|1
MELIA|1
MELINE|1
MELLGREN|1
MELTZER|1
MENAGED|1
MENARD|1
MENASHE|1
MENDELSON|1
MENDENHALL|1
MENDES|1
MENDIVIL|1
MENENDEZ|1
MENENDEZCARREIRA|1
MENGE|1
MENGES|1
MENGHINI|1
MENIE|1
MENNE|1
MENTZELOPOULOS|1
MENZ|1
MERAGER|1
MERCADO|1
MEREDITH|1
MERINO|1
MERKOWITZ|1
MERLUZZI|1
MERRICK|1
MERRITT|1
MERTZ|1
MESERVE|1
MESLOH|1
MESSEX|1
MESSICK|1
MESSINA|1
MESSINGER|1
MESVANI|1
METCALFE|1
METHENY|1
METKUS|1
METLICKA|1
METZGER|1
METZLER|1
MEZA|1
MICA|1
MICHALAK|1
MICHALESKI|1
MICHEEL|1
MICHELLE|1
MICHELS|1
MICKEY|1
MIDDLE|1
MIJICYOVAN|1
MIKHAILIV|1
MIKKELSON|1
MIKOLAY|1
MIKULAY|1
MILAM|1
MILANS|1
MILBURN|1
MILBY|1
MILGRIM|1
MILLE|1
MILLIGAN|1
MILLIS|1
MILNER|1
MILRAD|1
MILSTEIN|1
MILUTINOVIC|1
MINCBERG|1
MINES|1
MINGA|1
MINI|1
MINICH|1
MINICUCCI|1
MINKHUNTOD|1
MINNIS|1
MINOR|1
MINOURA|1
MINSER|1
MIQUEL|1
MISBACH|1
MISHER|1
MISKOVIC|1
MISSEL|1
MITTAL|1
MITZEN|1
MIXTER|1
MIYAGISHIMA|1
MIZRAHI|1
MOAD|1
MODRICH|1
MODUGNO|1
MOED|1
MOEHRING|1
MOELIS|1
MOFFAT|1
MOGER|1
MOH|1
MOHENDRA|1
MOILANEN|1
MOISE|1
MOISEFF|1
MOISEYEV|1
MOLANDER|1
MOLETZSKY|1
MOLISSE|1
MOLLO|1
MOLLON|1
MOLNAR|1
MOMBERGER|1
MOMENIAN|1
MONACO|1
MONAGHAN|1
MONAHOV|1
MONDAY|1
MONGIOVI|1
MONICA|1
MONJARAZ|1
MONREAL|1
MONSOOR|1
MONTAGUEBREAKWELL|1
MONTALVO|1
MONTANARI|1
MONTANEZ|1
MONTAY|1
MONTECALVO|1
MONTEROIRALA|1
MONTEROPOYO|1
MONTES|1
MONTGOMERYIV|1
MONTICELLI|1
MONTIEL|1
MONTOYAPAEZ|1
MONTOYATANSEY|1
MONTROSE|1
MOODY|1
MOONE|1
MOOREHOUSE|1
MOOREJR|1
MOOSE|1
MORE|1
MOREAU|1
MOREFIELD|1
MOREHEAD|1
MOREHOUSE|1
MOREIRA|1
MORELAND|1
MORETON|1
MORETTI|1
MORGALO|1
MORGEN|1
MORGENSTERN|1
MORIAL|1
MORLEDGE|1
MORONEY|1
MOROZE|1
MORRAL|1
MORRISETTE|1
MORRISJR|1
MORRISSTERN|1
MORRISSY|1
MORTONSON|1
MORVILLE|1
MOSAAD|1
MOSLEY|1
MOSSBARGER|1
MOSTOFSKY|1
MOSTYN|1
MOTHERWAY|1
MOTTERN|1
MOTTOLA|1
MOTTRAM|1
MOTWANE|1
MOUA|1
MOUANOUTOUA|1
MOUGHALIAN|1
MOULTON|1
MOULTRIE|1
MOUNCE|1
MOUSERJR|1
MOUW|1
MOVASSAGHI|1
MOVIS|1
MOWERY|1
MOWRY|1
MOWSCHENSON|1
MOY|1
MOYE|1
MOZEE|1
MPAGAZEHE|1
MUBARAK|1
MUCCI|1
MUDD|1
MUDER|1
MUDGE|1
MUDREY|1
MUEGGE|1
MUEHLEIB|1
MUELLNER|1
MUHAMMAD|1
MUHIEDDINE|1
MULCAHY|1
MULCASTER|1
MULDOWNEY|1
MULERO|1
MULHERON|1
MULHOLLAND|1
MULLAGHY|1
MULLIS|1
MULLMAN|1
MULLNE|1
MULLOY|1
MULROW|1
MULRYNE|1
MUMPHARD|1
MUMUNI|1
MUNDELL|1
MUNDHEN|1
MUNDLE|1
MUNDY|1
MUNGER|1
MUNIZ|1
MUNN|1
MUNSON|1
MUNTER|1
MURADYAN|1
MURALI|1
MURATA|1
MURCIANO|1
MURDOCK|1
MURIEL|1
MURO|1
MURPHYAPGAR|1
MURPHYJR|1
MURRY|1
MURTHA|1
MUSE|1
MUSGROVE|1
MUSMAR|1
MUSTAFAA|1
MUSTI|1
MUTIARAJACKSON|1
MUZEINI|1
MYRICKS|1
MYSLIWY|1
MYUNG|1
NABORS|1
NADAS|1
NADEL|1
NADELMAN|1
NADER|1
NAGEL|1
NAGLE|1
NAIL|1
NAJAR|1
NAJERA|1
NAKAMA|1
NAKAMOTO|1
NAKAMURA|1
NAKASONE|1
NALBANDIAN|1
NALTY|1
NAM|1
NAMDARKHAN|1
NANCE|1
NANDA|1
NANDRA|1
NANIA|1
NAPIER|1
NAPLETON|1
NAPOLIELLO|1
NAPPER|1
NARANJO|1
NARAYAN|1
NARAYANAN|1
NARECHANIA|1
NARVAEZ|1
NASIF|1
NASON|1
NASR|1
NASSABI|1
NASSERY|1
NATHMAN|1
NATION|1
NATSUHARA|1
NAU|1
NAVA|1
NAVIES|1
NAVIN|1
NAWAZ|1
NAZAR|1
NAZARIO|1
NAZEM|1
NEAFSEY|1
NEALSR|1
NEBEL|1
NEEB|1
NEEDHAM|1
NEESE|1
NEGASH|1
NEGRI|1
NEHONOV|1
NEHR|1
NEIBERGER|1
NEILL|1
NEILLMARECI|1
NELKIN|1
NELLIS|1
NELMS|1
NELOMS|1
NELSONGOEDERT|1
NEMETH|1
NERSTEN|1
NESBIT|1
NESS|1
NESSETH|1
NETTEY|1
NEUBAUER|1
NEUBERGER|1
NEUGEBAUER|1
NEULINGER|1
NEUMANN|1
NEUNECK|1
NEVANS LOCKE|1
NEVILLE|1
NEVIUS|1
NEWBERN|1
NEWBERT|1
NEWELL|1
NEWLAND|1
NEWLIN|1
NEWSOM|1
NEWSOME|1
NEWTON|1
NGO|1
NHLAPO|1
NI|1
NICHOLLS|1
NICO|1
NICOL|1
NICOLOSI|1
NIEBLAS|1
NIEBOER|1
NIEBRUEGGE|1
NIEDS|1
NIEDZIALEK|1
NIEDZIELSKI|1
NIEHOFF|1
NIENART|1
NIGH|1
NIGRO|1
NIKORE|1
NIMARTA|1
NIMERALA|1
NISANCI|1
NISSAN|1
NIUMATALOLO|1
NIX|1
NJUS|1
NOBLE|1
NOBLES|1
NOGALES|1
NOIA|1
NOJAN|1
NOLEN|1
NOLENMOSS|1
NOLL|1
NOLON|1
NOOIJ|1
NOONAN|1
NORBY|1
NORD|1
NORDHAUSEN|1
NORDSTROM|1
NORFIELD|1
NORFLEET|1
NORMINGTON|1
NORRISHALE|1
NORTH|1
NOTEBOOM|1
NOTH|1
NOVACK|1
NOVALES|1
NOVINS|1
NOVOTNY|1
NOWACZYK|1
NOWESNICK|1
NOWYGROD|1
NOYES|1
NUGEN|1
NUGENT|1
NUL|1
NULSEN|1
NUNHUCK|1
NUZZO|1
NWANKPA|1
NWOKIKE|1
NYBERG|1
NYCZ|1
NYLUND|1
NYVALL|1
OAKES|1
OAKEY|1
OATESJACKSON|1
OATLEY|1
OBERKIRCHER|1
OBEROI|1
OBEY|1
OBRIENDENEU|1
OCAMPO|1
OCHOA|1
OCHS|1
OCHURU|1
OCOMARTUN|1
ODAY|1
ODDEN|1
ODELL|1
ODGREN|1
ODLE|1
ODONEL|1
ODONNEL|1
ODOWD|1
ODOWDWHITE|1
ODRISCOLL|1
ODUOR|1
OE|1
OERTWIG|1
OFFER|1
OFFUTT|1
OFORAH|1
OGAWA|1
OHANLON|1
OHERRON|1
OHLSON|1
OHRAN|1
OHTAGAKI|1
OIKAWA|1
OJALA|1
OJEMANN|1
OKECHUKWU|1
OKMA|1
OKONKWO|1
OKUNAWO|1
OLBERT|1
OLD|1
OLDAKER|1
OLDHAM|1
OLIAI|1
OLIKARA|1
OLINER|1
OLIPHANT|1
OLIVA|1
OLIVARES|1
OLIVAS|1
OLIVE|1
OLIVOS|1
OLLEN|1
OLMEDA|1
OLNON|1
OMALIA|1
OMALLEYDILLON|1
OMIDYAR|1
ONDO|1
ONG|1
ONWUCHE|1
ONWUMECHILI|1
OOMS|1
OPPICE|1
OPPLIGER|1
OQUENDO|1
ORDOWER|1
ORDUNA|1
ORECHWA|1
OREN|1
ORENSTEIN|1
ORGAN|1
ORLINO|1
ORLINSKY|1
ORLOWSKI|1
ORNELAS|1
ORNELASGARCIA|1
OROSZ|1
OROURKE|1
ORRELL|1
ORT|1
ORTEGA|1
ORTIS|1
ORTNER|1
ORVIN|1
ORYAN|1
OSAKI|1
OSCARSON|1
OSINUPEBI|1
OSSIP|1
OSSOWSKI|1
OSTBY|1
OSTEEN|1
OSTER|1
OSTERBACK|1
OSTERBERG|1
OSTERMAN|1
OSTERTAG|1
OSTLER|1
OSULLIVAN|1
OTIS|1
OTTAUNICK|1
OTTLEY|1
OTTO|1
OTTOBONI|1
OUELLET|1
OUSLEY|1
OUTLAW|1
OVERSTAKE|1
OVERTON|1
OWUSU|1
OXLEY|1
OZMAN|1
PACCIONE|1
PACK|1
PACKARD|1
PACYNIAK|1
PADDOCK|1
PADGETT|1
PADOVANO|1
PADRON|1
PADULA|1
PAGLIALUNGA|1
PAGLIARINI|1
PAGLIUCO|1
PAGSIBIGAN|1
PAHCODDY|1
PAI|1
PAINTER|1
PAJCIC|1
PAJE|1
PAK|1
PALACIOS|1
PALILONIS|1
PALIN|1
PALLER|1
PALMA|1
PALMERINO|1
PALMIRE|1
PALNICK|1
PALOMAREZ|1
PALOMBI|1
PALS|1
PALUMBO|1
PAMATMAT|1
PAN|1
PANCAKE|1
PANDELAKI|1
PANDI|1
PANDYA|1
PANELLA|1
PANG|1
PANKEWYTCH|1
PANSKE|1
PANTELL|1
PANTZLAFF|1
PAOLELLA|1
PAOLILLO|1
PAPAEFTHEMIOU|1
PAPERMAN|1
PAPPAS|1
PARDASANI|1
PARDON|1
PAREJA|1
PARENTEAU|1
PARHAM|1
PARIA|1
PARIS|1
PARKERKELLY|1
PARKINSON|1
PARKISON|1
PARKSJR|1
PARLETTE|1
PARMAR|1
PARMER|1
PARMITER|1
PARNELLBOOTH|1
PARRY|1
PARSON|1
PARTHEMORE|1
PARTIN|1
PARTLOW|1
PARTON|1
PASAIPESTANO|1
PASION|1
PASKO|1
PASQUALE|1
PASSETT|1
PASSMAN|1
PATCHING|1
PATEDIXON|1
PATERSON|1
PATHAK|1
PATILLO|1
PATINO|1
PATRICIA|1
PATTERSONSIMS|1
PATZANGARCIA|1
PAULAUSKAS|1
PAULEY|1
PAULINO|1
PAULO|1
PAUSTIAN|1
PAVER|1
PAVLAK|1
PAVLUK|1
PAXTON|1
PAYANO|1
PAYASLIOGLU|1
PAYOR|1
PAZSAGASTIZADO|1
PEACOCK|1
PEAKS|1
PEASE|1
PECQUET|1
PEELE|1
PEETE|1
PEGRAM|1
PEIFER|1
PEIRCE|1
PEKAR|1
PEKAREK|1
PELAYO|1
PELLEGRINI|1
PELLEGRINO|1
PELLERIN|1
PELLETIER|1
PELOFSKY|1
PELPOLA|1
PELTA|1
PELTON|1
PEMBROKE|1
PENAVICMARSHALL|1
PENDRY|1
PENESTON|1
PENISTON|1
PENLAND|1
PENN|1
PENNEKAMP|1
PENNETTA|1
PENNYCOOK|1
PENROD|1
PENROSE|1
PENROSEWHITMORE|1
PENUEL|1
PEOPLES|1
PEPPIN|1
PERALES|1
PERALTA|1
PEREA|1
PEREGRINOESTRADA|1
PEREZRAMIREZ|1
PERIERA|1
PERITZ|1
PERRAULT|1
PERRIN|1
PERSAUD|1
PERSOFSKY|1
PERSON|1
PESCHIN|1
PESSOA|1
PESTORIUS|1
PETCOV|1
PETE|1
PETER|1
PETIT|1
PETNUCH|1
PETRAKIS|1
PETREE|1
PETRESKI|1
PETREY|1
PETRICK|1
PETROZZINO|1
PETRY|1
PETTIFORD|1
PETTIT|1
PETUSKY|1
PEVEY|1
PEYSER|1
PEYTON|1
PEZZANO|1
PEZZOTTI|1
PEZZUTTI|1
PFANNENSTIEL|1
PFEIFER|1
PFENNING|1
PFENNINGER|1
PFOHL|1
PHAN|1
PHELAN|1
PHELANIII|1
PHELPS|1
PHIFER|1
PHILIP|1
PHILIPPE|1
PHILLIP|1
PHILPOT|1
PIACENTINI|1
PICARELLI SHIEPKO|1
PICHARDO|1
PIENTO|1
PIER|1
PIERCELITTLE|1
PIERSON|1
PIES|1
PIESTER|1
PIETROFORTE|1
PIETRZAK|1
PIFER|1
PIKA|1
PILATO|1
PIMIENTA|1
PIMPLASKAR|1
PINATEL|1
PINCHECK|1
PINCKNEYWILLIAMS|1
PINEAU|1
PINEDA|1
PINEGAR|1
PINELL|1
PINGREE|1
PINKARD|1
PINKERTON|1
PINS|1
PINSON|1
PINTCHIK|1
PINTER|1
PINUELAS|1
PIPLANI|1
PIRAK|1
PISANO|1
PISARIK|1
PISON|1
PISSIOS|1
PITTELKOW|1
PITTS|1
PIVONKA|1
PIZZOLATO|1
PLAKORIS|1
PLANZER|1
PLAS|1
PLASTER|1
PLATIN|1
PLATTOR|1
PLOSZEK|1
PLUMER|1
PLUMMER|1
PLUNKETT|1
POAG|1
POBLETE|1
PODESTA|1
PODMANICZKY|1
PODUGU|1
POE|1
POETHIG|1
POETSCHE|1
POGASH|1
POHL|1
POINDEXTER|1
POIRIER|1
POLANSKY|1
POLERA|1
POLING|1
POLIQUIN|1
POLK|1
POLLICOVE|1
POLLITZ|1
POLLNER|1
POLLOCK|1
POLLY|1
POLSENBERG|1
POLVI|1
POLYCARPE|1
POMEROY|1
PONTO|1
PONZIO|1
POPOFF|1
POPPE|1
POPPELL|1
PORAT|1
PORCELLI|1
PORTILLO|1
PORTO|1
POSEY|1
POSKUS|1
POST|1
POSTER|1
POSTI|1
POSTNIKOV|1
POTEAU|1
POTEMPA|1
POTTER|1
POULOSE|1
POULSEN|1
POUNDS|1
POWDERLY|1
POWELLSETTLE|1
POWER|1
POWERS|1
POZAREK|1
POZEN|1
PRAGER|1
PRAGIDES|1
PRAHM|1
PRAIS|1
PRAPAISILP|1
PRASAD|1
PRATHER|1
PRAY|1
PRECHT|1
PREHARA|1
PREISIG|1
PRENTICE|1
PRESCOTT|1
PRESKILL|1
PRESLEY|1
PRESS|1
PRESSLEY|1
PRESUTTI|1
PRETTNERSOLON|1
PREVOST|1
PREY|1
PRIDGEN|1
PRIESTER|1
PRIMEAU|1
PRINGLE|1
PRINSTER|1
PRINZ|1
PRISCELLA|1
PRITZKER|1
PROBASCO|1
PROCHNOW|1
PRODOEHL|1
PROFANTER|1
PRONDZINSK|1
PRONZINI|1
PROPER|1
PROPP|1
PROPST|1
PROSPERBARNES|1
PROTHE|1
PROVENCIO|1
PRUITT|1
PRYCEJONES|1
PRYOR|1
PRZYWARA|1
PTOMEY|1
PUCCINI|1
PUCHE|1
PUCKETT|1
PUGLISI|1
PUIGCOOK|1
PULIA|1
PULLEY|1
PURCHIA|1
PURDON|1
PURKEY|1
PURPUR|1
PURPURA|1
PURVIS|1
PWEN|1
QAMAR|1
QIN|1
QUAGLIA|1
QUAKE|1
QUASCHNICK|1
QUATAERT|1
QUAYLE|1
QUEBEC|1
QUEIROZ|1
QUESADA|1
QUICKREYES|1
QUILLEN|1
QUILLIAN|1
QUINLAN|1
QUINLIN|1
QUINTERO|1
QUINTOS|1
QUIRK|1
QUISENBERRY|1
QUITON|1
QURESHI|1
RABBITT|1
RABEJR|1
RABER|1
RABIAS|1
RABIN|1
RABINS|1
RABON|1
RABOW|1
RACHAL|1
RACINE|1
RACKETS|1
RADFORDWILSON|1
RADZANOWSKI|1
RAE|1
RAFFAELE|1
RAFFAELLI|1
RAFFERTY|1
RAFFI|1
RAFIK|1
RAFTERY|1
RAGADIO|1
RAGLE|1
RAGNARSDOTTIR|1
RAHEJA|1
RAHIMI|1
RAHIMIYAN|1
RAHLAN|1
RAIDER|1
RAILEY|1
RAIN|1
RAINERI|1
RAITT|1
RAJAN|1
RAJARAM|1
RAJAUSKI|1
RAJESH|1
RAJUNAS|1
RAJUNOV|1
RAK|1
RAKESTRAW|1
RAKOCZY|1
RAKOW|1
RALEY|1
RALLS|1
RAMAGE|1
RAMANI|1
RAMARATHNAM|1
RAMATI|1
RAMBELOARISON|1
RAMDAT|1
RAMER|1
RAMERYD|1
RAMIE|1
RAMLER|1
RAMNANI|1
RAMOSANTONMATTEI|1
RAMROOP|1
RAMSAY|1
RAMSDEN|1
RAMSEUR|1
RAMSEYER|1
RANA|1
RANCE|1
RAND|1
RANKIN|1
RANTZAU|1
RAOFIELD|1
RAPACH|1
RAPIN|1
RAPOPORT|1
RAPOZA|1
RAPP|1
RARICK|1
RASCOE|1
RASCON|1
RASSAS|1
RAST|1
RATCLIFF|1
RATERMANN|1
RATHBUN|1
RATHS|1
RATNER|1
RAUBER|1
RAUSCH|1
RAUT|1
RAVASCHIERE|1
RAVEL|1
RAVENSCRAFT|1
RAVIKANT|1
RAWA|1
RAWCLIFFE|1
RAWLINS|1
RAYHODGE|1
RAYNORSURRETT|1
RAZIEL|1
RAZO|1
READDY|1
READINGER|1
REAL|1
REAMS|1
REARDON|1
REAVIS|1
REBIBO|1
REBNE|1
RECANA|1
RECHER|1
RECINOSJR|1
REDDEN|1
REDDY|1
REDFERN|1
REDFIELD|1
REDMON|1
REDMOND|1
REEDY|1
REES|1
REESEJR|1
REEVESII|1
REGENSTREIF|1
REGER|1
REGESTER|1
REGEV|1
REHMAN|1
REHN|1
REICHARDT|1
REICHARTMORGAN|1
REICHEL|1
REICHMAN|1
REIDER|1
REIF|1
REILLY|1
REIN|1
REINACHER|1
REINEKE|1
REINERT|1
REINGOLD|1
REINHARDT|1
REINHART|1
REINHARTZ|1
REINIG|1
REINOSO|1
REIS|1
REISBERG|1
REISCHMANN|1
REISEN|1
REISS|1
REKER|1
REMES|1
RENALS|1
RENDINA|1
RENDON|1
RENFRO|1
RENGER|1
RENGIFO|1
RENNIE|1
RENTAS|1
RESSLER|1
RETALLICK|1
RETSIS|1
RETTIE|1
REUMANN|1
REVELL|1
REVESZ|1
REVIA|1
REYES|1
REYNA|1
REYNERI|1
RHEAD|1
RHEE|1
RHETT|1
RHINEHART|1
RHOADES|1
RHOADS|1
RIAZ|1
RIBBLETT|1
RIBEIRO|1
RICCHETTI|1
RICCHIO|1
RICCI|1
RICCIARDI|1
RICCIARDONE|1
RICHMANN|1
RICHMOND|1
RICHNER|1
RICKER|1
RICO|1
RIDD|1
RIDEAU|1
RIDER|1
RIDGE|1
RIDGWAY|1
RIDING|1
RIDLEY|1
RIEBE|1
RIECK|1
RIEFBERG|1
RIEFKOHL|1
RIEKE|1
RIESHORVATH|1
RIESNER|1
RIFFLE|1
RIGNEY|1
RIGSBY|1
RIHANI|1
RIJHWANI|1
RILLING|1
RIMMER|1
RINALDI|1
RING|1
RIOSCABALLERO|1
RIPKEY|1
RISING|1
RITTER|1
RITTS|1
RITWO|1
RIVARD|1
RIVAS|1
RIVEGEOGHEGAN|1
RIVERABAEZ|1
RIVERAMARRERO|1
RIVERARODRIGUEZ|1
RIZE|1
RIZZI|1
RIZZO|1
ROACHE|1
ROANE|1
ROARK|1
ROBARE|1
ROBELIA|1
ROBERG|1
ROBERSON|1
ROBERSTON|1
ROBINS|1
ROBINSONWHITLEY|1
ROBY|1
ROCHA|1
ROCHELSON|1
ROCHESTER|1
ROCK|1
ROCKE|1
ROCKER|1
RODA|1
RODE|1
RODIER|1
RODIN|1
RODRIGUEZBARRAGAN|1
RODRIGUEZJONES|1
RODRIGUEZPUENTE|1
ROEDER|1
ROEKMANDIS|1
ROELS|1
ROENICKE|1
ROETS|1
ROFF|1
ROFFER|1
ROGER|1
ROGERSTHORPE|1
ROHAN|1
ROHDE|1
ROHLOFF|1
ROHNER|1
ROHR|1
ROHRBAUGH|1
ROJAS|1
ROJASJOY|1
ROJO|1
ROLBIN|1
ROLLE|1
ROMANOWSKI|1
ROMANSKI|1
ROMATOWSKI|1
ROMAYOR|1
ROMBERG|1
ROMER|1
ROMO|1
RONNEBERG|1
ROOKARD|1
ROOS|1
ROOSA|1
ROOSE|1
ROOSVE|1
ROOT|1
ROOTENBERG|1
ROOVERS|1
ROQUET|1
ROSA|1
ROSADO|1
ROSAL|1
ROSARIO|1
ROSENBERY|1
ROSENBLATT|1
ROSENELLO|1
ROSENGARTEN|1
ROSENSTIEL|1
ROSENSWEIG|1
ROSENTHAL|1
ROSERO|1
ROSKAMP|1
ROSKELLEY|1
ROSNER|1
ROSOHA|1
ROSSANA|1
ROSSOW|1
ROSTOMYAN|1
ROTERT|1
ROTHENBERGER|1
ROTHENBUHLER|1
ROTHER|1
ROTHMAN|1
ROUMANI|1
ROUNTREE|1
ROURKE|1
ROUSEY|1
ROUSSET|1
ROUSSOS|1
ROUTOS|1
ROUX|1
ROUZER|1
ROVEGNO|1
ROWBERRY|1
ROWBOTTOM|1
ROWE|1
ROWLAND|1
ROWLISON|1
ROWTHAMKENNEDY|1
ROXBROUGH|1
ROYBALALLARD|1
ROYSTER|1
ROZASRIVERA|1
ROZYNSKI|1
RUBENS|1
RUBESHA|1
RUBIN|1
RUDE|1
RUDERFER|1
RUEDA|1
RUESGADIAZ|1
RUGE|1
RUGELEY|1
RUGER|1
RUHL|1
RUIKAR|1
RUMBELOW|1
RUMBLE|1
RUMFOLA|1
RUNCO|1
RUNDQUIST|1
RUPERT|1
RUPP|1
RUPPERT|1
RUPPRECHT|1
RUSCH|1
RUSHER|1
RUSHTON|1
RUSS|1
RUSSLER|1
RUST|1
RUSTICE|1
RUTENSCHROER|1
RUTTENBERG|1
RUTTER|1
RUTTLE|1
RYDER|1
RYERSON|1
RYKEN|1
RYKLINA|1
RYNDAK|1
RYSSDAL|1
SAAVEDRA|1
SABA|1
SABENE|1
SABER|1
SABIH|1
SACCOMANDO|1
SACHARKO|1
SACHTJEN|1
SADDLER|1
SADOWSKI|1
SADR|1
SAECHAO|1
SAEGER|1
SAEJUNG|1
SAEMAN|1
SAFON|1
SAGGIO|1
SAINT|1
SAINTSING|1
SAJOWITZ|1
SAKATA|1
SALAMON|1
SALAS|1
SALASLUJAN|1
SALDANA|1
SALERNO|1
SALESSES|1
SALIK|1
SALIMINO|1
SALINA|1
SALINAS|1
SALKELD|1
SALKHI|1
SALLEE|1
SALLEY|1
SALMON|1
SALOMON|1
SALPETER|1
SALT|1
SALTERS|1
SAMBAERIII|1
SAMMARIPA|1
SAMMONS|1
SAMMS|1
SAMS|1
SAMTANI|1
SAMY|1
SANBORN|1
SANCHES|1
SANCTIS|1
SANDER|1
SANDERSJR|1
SANDLER|1
SANDOVAL|1
SANDRA EULADA|1
SANDS|1
SANDT|1
SANFORD|1
SANGANI|1
SANGUINETTI|1
SANISLO|1
SANMANN|1
SANMARTIN|1
SANMIGUE|1
SANNICOLASCONCEPCION|1
SANSBURY|1
SANSONE|1
SANTELLI|1
SANTO|1
SANTRY|1
SAPIENZA|1
SAPPIER|1
SAR|1
SARACCO|1
SARAH|1
SARASOHN|1
SARCI|1
SARD|1
SARDER|1
SARDINHA|1
SAREEN|1
SARGRAD|1
SARKADY|1
SARKOVICH|1
SARNA|1
SARRACINO|1
SARRI|1
SARTORI|1
SARUBIN|1
SARVER|1
SARVIS|1
SASON|1
SASSANPOUR|1
SASU|1
SATHE|1
SATHYA|1
SATO|1
SATTERFIELD|1
SATYAPOR|1
SAULAT|1
SAULS|1
SAVAR|1
SAVEDRA|1
SAVILLE|1
SAVISS|1
SAWITSKY|1
SAXE|1
SAYED|1
SAYWITZ|1
SAYYAD|1
SCALIA|1
SCANDRICK|1
SCANNAPIECO|1
SCARIANO|1
SCARLATOIU|1
SCAVELLA|1
SCEARCE|1
SCEPANOVIC|1
SCHAAL|1
SCHAEFFER|1
SCHAFFERDEROO|1
SCHALCH|1
SCHALK|1
SCHALLES|1
SCHANK|1
SCHARDT|1
SCHAU|1
SCHEDRIN|1
SCHEFF|1
SCHEIBLE|1
SCHENCK|1
SCHENK|1
SCHENKEL|1
SCHEPERSHOLLIMAN|1
SCHEPPER|1
SCHER|1
SCHERTZ|1
SCHERTZER|1
SCHERZER|1
SCHEUER|1
SCHICKLER|1
SCHIESS|1
SCHIFF|1
SCHIFFERDECKER|1
SCHIFFMAN|1
SCHILTZ|1
SCHIMCEK|1
SCHINAZI|1
SCHINDLER|1
SCHIROTT|1
SCHLECK|1
SCHLEE|1
SCHLEFFER|1
SCHLEHLEIN|1
SCHLEIGH|1
SCHLEY|1
SCHLOSE|1
SCHMITZ|1
SCHNAIDT|1
SCHNARE|1
SCHNATTERLY|1
SCHNELLE|1
SCHNOEBELEN|1
SCHNOLL|1
SCHNOOR|1
SCHOELER|1
SCHOEM|1
SCHOENBECK|1
SCHOENING|1
SCHOETTLER|1
SCHOUVIELLER|1
SCHOW|1
SCHRAM|1
SCHREIBER|1
SCHRIEBER|1
SCHRIOCK|1
SCHROECK|1
SCHRUBB|1
SCHUBERT|1
SCHUCH|1
SCHUELLER|1
SCHUESSLER|1
SCHUH|1
SCHUHMACHER|1
SCHULDBERG|1
SCHULZ|1
SCHUNEMAN|1
SCHUPPE|1
SCHUSTER|1
SCHUTT|1
SCHUTTE|1
SCHUUR|1
SCHWAB|1
SCHWANHAUSSER|1
SCHWARZMAN|1
SCHWEBER|1
SCOLARO|1
SCOPELLITO|1
SCORSESE|1
SCRIBNER|1
SCULLY|1
SEABERRY|1
SEAMUS|1
SEARBY|1
SEARCY|1
SEARL|1
SEAWELL|1
SEBASTIAN|1
SECHRIST|1
SEECOF|1
SEEDYKE|1
SEELE|1
SEEMAN|1
SEETHALER|1
SEFTON|1
SEGAL|1
SEGAUL|1
SEGEL|1
SEGROVES|1
SEGULIN|1
SEIBEL|1
SEICH|1
SEID|1
SEIDEL|1
SEIDEN|1
SEIFU|1
SEIGEL|1
SEIGNEMARTIN|1
SEILER|1
SEIPLE|1
SEKLER|1
SELBY|1
SELCER|1
SELDEN|1
SELHORST|1
SELINGER|1
SELL|1
SELLS|1
SEMAN|1
SEN|1
SENA|1
SENKLER|1
SENNETTE|1
SENSENBRENNER|1
SENTMAN|1
SENTS|1
SEOL|1
SEONG|1
SEPSEY|1
SEQUENZIA|1
SERAFINI|1
SERCHUK|1
SERED|1
SEREDSCHOENBERG|1
SERGIA|1
SESAYBAH|1
SESHAMANI|1
SESOCK|1
SESSIONS|1
SESTAK|1
SETH|1
SETO|1
SETOS|1
SETTLE|1
SETTLES|1
SETZFAND|1
SEVERANCE|1
SEWELL|1
SEXTON|1
SEYMOUR|1
SFORZA|1
SGUTT|1
SHABO|1
SHAFIQUE|1
SHAHAN|1
SHAID|1
SHAIR|1
SHAKIR|1
SHAKLEE|1
SHAMAS|1
SHAMBEDA|1
SHANAHAN|1
SHAND|1
SHANER|1
SHANG|1
SHANUS|1
SHARKEY|1
SHARKUS|1
SHARMA|1
SHARPLEY|1
SHARPTON|1
SHATTUCK|1
SHAY|1
SHEA|1
SHEAHAN|1
SHEALS|1
SHEARER|1
SHEEK|1
SHEESLEY|1
SHELBY|1
SHELDON|1
SHELHART|1
SHELLEY|1
SHELLIII|1
SHELP|1
SHEMTOV|1
SHEN|1
SHENGCHAO|1
SHENOUDA|1
SHER|1
SHERIDAN|1
SHERIFF|1
SHERREN|1
SHERROD|1
SHERZAI|1
SHETTY|1
SHEVLIN|1
SHIFFLETT|1
SHIH|1
SHIMA|1
SHINSEKI|1
SHINTEMIROV|1
SHIPMAN|1
SHIRAH|1
SHIRAKI|1
SHIRLEY|1
SHIROYAN|1
SHIVE|1
SHIVERS|1
SHLEIFER|1
SHOCK|1
SHOCKLEY|1
SHOEMAKER|1
SHOEN|1
SHOKRY|1
SHOLL|1
SHOOK|1
SHORA|1
SHORAKA|1
SHOREY|1
SHORTER|1
SHORTLEY|1
SHORTMAN|1
SHORTREED|1
SHOTWELL|1
SHOWMAN|1
SHRAGHER|1
SHUCK|1
SHUEY|1
SHUFORD|1
SHULTS|1
SHUMATE|1
SHUREN|1
SHURTLEFF|1
SHVARTS|1
SHWACHMAN|1
SHYU|1
SIACK|1
SIAHKOOHI|1
SIAVY|1
SICALMAYEN|1
SICHEL OUTCALT|1
SICOLA|1
SICUSO|1
SIDDIQUI|1
SIDNEY|1
SIEGAL|1
SIEGERT|1
SIEVERS|1
SIEVEWRIGHT|1
SIEWERT|1
SIFUENTESTRIGUEROS|1
SIGALE|1
SIGURDARDOTTIR|1
SIKAND|1
SILBERG|1
SILESHI|1
SILITRA|1
SILLS|1
SILMA|1
SILVABENITEZ|1
SILVERIO|1
SILVERMAN|1
SILVESTRO|1
SIMASKOVA|1
SIMERMEYER|1
SIMIND|1
SIMMINGTON|1
SIMMONSIII|1
SIMMS|1
SIMONSON|1
SIMONTON|1
SIMPKINS|1
SIMPLER|1
SIMRAK|1
SINES|1
SINGHAL|1
SINGLETARY|1
SINIBALDIMAGANA|1
SINK|1
SIRAK|1
SIS|1
SISK|1
SISODIA|1
SISSON|1
SITCH|1
SITTON|1
SIVER|1
SKEETERREAD|1
SKJOLDAGER|1
SKLOW|1
SKOCY|1
SKOGQUIST|1
SKOGSTROM|1
SKOLNICK|1
SKOOTI|1
SKOPPCARDILLO|1
SKORKA|1
SLABEY|1
SLADE|1
SLADEK|1
SLAVIK|1
SLAZAK|1
SLEBODABRAUN|1
SLEDGE|1
SLEZAK|1
SLOANE|1
SLOATE|1
SLOTER|1
SLOWEY|1
SLUDER|1
SLUSSER|1
SLUTSKY|1
SMANDRA|1
SMARAGDIS|1
SMART|1
SMELTZER|1
SMILEY|1
SMILOW|1
SMITHERMAN|1
SMITHJR|1
SMITHPINELO|1
SMITS|1
SMOLEN|1
SMOOT|1
SMORGON|1
SMOUSE|1
SMURKOWSKI|1
SMYTH|1
SNARE|1
SNEE|1
SNEED|1
SNODDY|1
SNODGRASS|1
SNOOK|1
SNYDERHANSEN|1
SO|1
SOBCZAK|1
SOBECK|1
SOBEK|1
SOBELMAN|1
SOBUS|1
SOCOLOF|1
SODMAN|1
SOFFIN|1
SOKOLSKY|1
SOLEDAD|1
SOLER|1
SOLHEID|1
SOLIDAY|1
SOLIMAN|1
SOLIS|1
SOLIZ|1
SOLLY|1
SOMMER|1
SOMMERVILLE|1
SONBERG|1
SONIA|1
SONNEFELD|1
SONNEVELDT|1
SONTAG|1
SORANALLY|1
SORFLEET|1
SORIAN|1
SOUBLY|1
SOUCHACK|1
SOUDER|1
SOUSA|1
SOUTHERN|1
SOUZA|1
SOXHARRIS|1
SPAHR|1
SPAILEK|1
SPALSBURY|1
SPALTRO|1
SPANG|1
SPANIER|1
SPAULDING|1
SPAUNHORST|1
SPECHT|1
SPENCE|1
SPERA|1
SPERANZOOTERO|1
SPERRY|1
SPIELMAN|1
SPINELLI|1
SPINNENWEBER|1
SPIRES|1
SPIRI|1
SPITZ|1
SPITZER|1
SPIVAK|1
SPOERRI|1
SPOHN|1
SPOTTS|1
SPRADLINIII|1
SPRAGGINS|1
SPRATT|1
SPRAUL|1
SPRING|1
SRINIVASAN|1
SRIVASTAV|1
SROKA|1
STABLER|1
STACK|1
STACKHOUSE|1
STAEBELL|1
STAEWEN|1
STAGER|1
STAHL|1
STAINBROOK|1
STALLINGCORAM|1
STALLMAN|1
STAMMERMAN|1
STAMPE|1
STANBACK|1
STANDRIDGE|1
STANSBARGER|1
STANTONIII|1
STARK|1
STARON|1
STARPOLI|1
STARR|1
STARRETT|1
STARRING|1
STASZEWSKI|1
STATER|1
STATES|1
STAUDT|1
STAUFFER|1
STAUNTON|1
STAVINS|1
STAY|1
STAYERSUPRICK|1
STCLAIR|1
STCYR|1
STEAGER|1
STEAR|1
STEARNS|1
STEBER|1
STEECE|1
STEENKAMP|1
STEENLAND|1
STEFANKO|1
STEFANOS|1
STEFFEN|1
STEFFES|1
STEFFEYSR|1
STEIGER|1
STEIGERWALD|1
STEIN|1
STEINBORN|1
STEINGRABER|1
STEINHARDT|1
STEINITZ|1
STEINKAMP|1
STEINKEFIKE|1
STELL|1
STELTE|1
STEM|1
STENOVITCH|1
STENRUD|1
STENSBERG|1
STEPHANS|1
STEPNO|1
STERLING|1
STERNKE|1
STETTLER|1
STEVENTON|1
STEWARD|1
STICKNEY|1
STIEGLER|1
STIFFLER|1
STIGGERS|1
STILLE|1
STIMPSON|1
STINEMATES|1
STIRLING|1
STITES|1
STIVERS|1
STJARRE|1
STMARTIN|1
STOCKDALE|1
STOCKSTILL|1
STOELZL|1
STOIAN|1
STOLKEY|1
STOLL|1
STOLLEMAN|1
STOLTZ|1
STOMS|1
STONEHAM|1
STONEMAN|1
STONER|1
STONES|1
STORE|1
STORY|1
STOSSEL|1
STOUDEMIRE|1
STOUT|1
STOVER|1
STOWELL|1
STPATRICKGREEN|1
STPIERRE|1
STRAABERG|1
STRANGE|1
STRANGSTALIEN|1
STRATTON|1
STRAUS|1
STRAUSS|1
STRAUTMANIS|1
STRECKER|1
STREET|1
STREETMAN|1
STREGE|1
STREITMATTER|1
STRENTH|1
STRESAU|1
STRICKLANDDOW|1
STRICKLIN|1
STRICKLING|1
STROEBELE|1
STROMAN|1
STRONGSIMMONS|1
STROUD|1
STROUF|1
STROUSE|1
STROZINSKY|1
STRUCKMEYER|1
STRUM|1
STRUTHERS|1
STRUYK|1
STRYCKER|1
STRZYNSKI|1
STUCKE|1
STUDE|1
STUDERNELSON|1
STUDSTILL|1
STUHLDREHER|1
STUTSMAN|1
STUTZMAN|1
STYK|1
STYLES|1
SUAREZ|1
SUAREZDIAZ|1
SUBY|1
SUCH|1
SUCHANEK|1
SUDAMA|1
SUGAR|1
SUGDEN|1
SUGIMOTO|1
SUHALE|1
SUIDAN|1
SUISMAN|1
SUITER|1
SULIO|1
SULKIN|1
SULLEN|1
SULZER|1
SUMANGALI|1
SUMMA|1
SUMMERER|1
SUMMERSKNIGHT|1
SUMTER|1
SUNCHILD|1
SUND|1
SUNDER|1
SUNDERAM|1
SUNDERHAUS|1
SUNDERNAM|1
SUNG|1
SUNSTRUM|1
SUOMINEN|1
SURACE|1
SURI|1
SUSANIN|1
SUSSMANN|1
SUSSWEIN|1
SUSTAK|1
SUTELA|1
SUTTER|1
SUTTLE|1
SVOBODA|1
SVOBODOVA|1
SWAB|1
SWAIN|1
SWALWELL|1
SWAMINATHAN|1
SWANEY|1
SWANTEK|1
SWEENEY|1
SWEETING|1
SWEETNICH|1
SWEETWINE|1
SWEEZY|1
SWENSON|1
SWENTKOFSKE|1
SWETT|1
SWIEZY|1
SWIGERT|1
SWINEHART|1
SWOFFORD|1
SWOLL|1
SWONGER|1
SYLLING|1
SYLORA|1
SYMRENG|1
SYMSACK|1
SZABO|1
SZAJNER|1
SZELA|1
SZUPLAT|1
SZYMANSKI|1
TABAREZ|1
TABILAS|1
TABIT|1
TABOADA|1
TABOR|1
TACKETT|1
TADKOD|1
TADROSS|1
TAFA|1
TAFAOA|1
TAHSINI|1
TAJ|1
TAKATA|1
TAKE|1
TAKETA|1
TALARICODRUM|1
TALBERT|1
TALERICO|1
TALIAFERRO|1
TALLARICO|1
TALLEY|1
TALLMADGE|1
TALO|1
TAMAGNINI|1
TAMANAHA|1
TAMARU|1
TAMBURRINOJR|1
TAMIRCHAFLAWEE|1
TAN|1
TANABE|1
TANAKA|1
TANDEN|1
TANG|1
TANGHERLINI|1
TANKS|1
TANNER|1
TANNO|1
TANNOUS|1
TANSEY|1
TANZI|1
TAOKA|1
TAPANI|1
TARBELL|1
TARDIFF|1
TARLAVSKYKIRK|1
TARRGRAHAM|1
TARTER|1
TARVER|1
TASZAREK|1
TATINI|1
TAUB|1
TAUTGES|1
TAVEL|1
TAYLORBATISTA|1
TCHAKAROVA|1
TCHEJEYAN|1
TCHOURUMOFF|1
TEAGLE|1
TEASTER|1
TEATER|1
TEBOW|1
TEDESCO|1
TEDROW|1
TEEPLES|1
TEETERS|1
TEICHMANN|1
TEICHOW|1
TEITZ|1
TEJRAL|1
TELESCO|1
TELFAIR|1
TELUSHKIN|1
TEMME|1
TEMPLETON|1
TENNANT|1
TEPE|1
TEPPERMAN|1
TEREYLA|1
TERIBERY|1
TERICK|1
TERMINI|1
TERVEN|1
TERZAGHI|1
TESAR|1
TESAREK|1
TESFASILLASIE|1
TESLUK|1
TESTER|1
TESTINO|1
TESTWUIDE|1
TETERS|1
TEULINGS|1
TEW|1
TEZLAF|1
THAI|1
THAKORE|1
THALIYADEN|1
THARP|1
THAXTON|1
THEBAU|1
THECKER|1
THELK|1
THELO|1
THETFORD|1
THIBERT|1
THIMIII|1
THIRD|1
THOLSTRUP|1
THOMA|1
THOMPAS|1
THOMPSEN|1
THONGSIRI|1
THORBJORNSEN|1
THOREN|1
THORN|1
THORNBERRY|1
THORSON|1
THORUP|1
THRESHER|1
THROOP|1
THRUMAN|1
THURMAN|1
TIBER|1
TIBERIO|1
TIDAY|1
TIEDEMAN|1
TIEDT|1
TIEFENTHALER|1
TIEMAN|1
TIEN|1
TIENTCHEU|1
TIETZ|1
TIEU|1
TIGHE|1
TIKKU|1
TILDEN|1
TILFORD|1
TILLEMA|1
TILLEMANN|1
TILLEY|1
TILLSTROM|1
TILLY|1
TIMBLE|1
TIMMENY|1
TIMMONS|1
TIMOTHY|1
TIMPONE|1
TINDALL|1
TINES|1
TINGEY|1
TINGOM|1
TIPPENS|1
TIRMAN|1
TISCHER|1
TISDALE|1
TISINGER|1
TITHOF|1
TITLE|1
TITLOW|1
TITUS|1
TIWARI|1
TOBELMANN|1
TOBIN|1
TODMANN|1
TOEBBEN|1
TOGANS|1
TOKER|1
TOLAB|1
TOLBERT|1
TOLEDO|1
TOLGO|1
TOLLAKSEN|1
TOLLE|1
TOLLEFSON|1
TOLLIN|1
TOLMAN|1
TOLTON|1
TOM|1
TOMCHEK|1
TOMPKINS|1
TONDRE|1
TONER|1
TONG|1
TONGARM|1
TOOKER|1
TOOMEY|1
TOPASNA|1
TORETTA|1
TORGERSON|1
TORNEY|1
TORRE|1
TORRENCE|1
TORRESREYES|1
TORREY|1
TORRIERI|1
TOSI|1
TOTH|1
TOURZANI|1
TOVSTEDT|1
TOWNE|1
TOY|1
TOYOMURA|1
TRACEY|1
TRAFTON|1
TRAITZ|1
TRAORE|1
TRAPP|1
TRAVAGLIONE|1
TREITZ|1
TRENKLE|1
TRENT|1
TREROTOLA|1
TREXLER|1
TREZZA|1
TRIM|1
TRINGALE|1
TRINKLEIN|1
TRIPLETT|1
TRIPPLAAR|1
TRITLE|1
TRIVENO|1
TROBEL|1
TROCCOLO|1
TROGLIO|1
TROITSKY|1
TROLLER|1
TRONE|1
TROST|1
TROTTA|1
TROTTENBERG|1
TROTTER|1
TROUPE|1
TROY|1
TRUCKS|1
TRUEBLOOD|1
TRUJILLO|1
TRULSON|1
TRUNBOW|1
TRUSCOTT|1
TRUSLOW|1
TRYON|1
TSAMOUDAKIS|1
TSCHANTZ|1
TSONGAS|1
TSOSIE|1
TU|1
TUAZON|1
TUBRIDY|1
TUDGE|1
TUESCA|1
TUNG|1
TUPPER|1
TURNBULL|1
TURNERSR|1
TURPEN|1
TURRENTINE|1
TURRIETTA|1
TUSCHHOFF|1
TUSSIN|1
TUTHILL|1
TUTROW|1
TUTTLE|1
TWEARDY|1
TWIST|1
TWITTY|1
TWOMBLY|1
TWYMAN|1
TYRANGIEL|1
TYRRELL|1
UBERTACCIO|1
UDD|1
UDUPA|1
UEJIO|1
UERLING|1
UFFELMAN|1
UGARTE|1
UHAN|1
ULRICH|1
UMIN|1
UMLAND|1
UNDERHILL|1
UNDERWOOD|1
UNG|1
UNGARO|1
UNNELAND|1
UPENDRAN|1
UPPAL|1
UPPERMAN|1
UPSON|1
UPTON|1
URAGA|1
URBANAS|1
URIZAR|1
URNER|1
URY|1
USHER|1
USSAK|1
UTA|1
UYEKI|1
VACCA|1
VACCARO|1
VADEHRA|1
VAINER|1
VALE|1
VALENZUELA|1
VALERIO|1
VALIENTE|1
VALLEFLORES|1
VALLEJO|1
VALLES|1
VALLURI|1
VALMORO|1
VALRANI|1
VANABLE|1
VANBEUSICHEM|1
VANDENBERGHE|1
VANDENBURG|1
VANDERBECK|1
VANDERMARK|1
VANDERPOOL|1
VANDERSTELT|1
VANDEVALK|1
VANDEVANDER|1
VANDORN|1
VANDUNK|1
VANDYKE|1
VANE|1
VANHOLLEN|1
VANHOVE|1
VANIPEREN|1
VANKUIKEN|1
VANMETER|1
VANNOY|1
VANO|1
VANOMMERING|1
VANROEKEL|1
VANSOEST|1
VANSYOC|1
VANWIG|1
VANZANDBERGEN|1
VARNEY|1
VARNON|1
VARNUM|1
VARONA|1
VARVEL|1
VASCONCELLOS|1
VASILIEV|1
VASQUEZPEREZ|1
VASSALLO|1
VAUGHAN|1
VAULS|1
VAVALA|1
VAZ|1
VAZQUEZ|1
VAZQUEZCALLEJAS|1
VEALE|1
VEESER|1
VEGA|1
VEINO|1
VEISZ|1
VEITH|1
VELARDEWONG|1
VELASCO|1
VELASCOII|1
VELAZQUEZ|1
VELICHKOV|1
VELIZ|1
VELOZ|1
VENDITELLI|1
VENDT|1
VENO|1
VENUS|1
VENZON|1
VERBIEST|1
VERDERI|1
VERDUGUEZ|1
VERGARA|1
VERHAERT|1
VERMEESCH|1
VERMERRIS|1
VERNON|1
VERONA|1
VERSTEEG|1
VERTIN|1
VERWER|1
VESSELS|1
VEST|1
VIAMONTE|1
VIAS|1
VICHA|1
VICKROY|1
VIDAL|1
VIDARTE|1
VIDRICASTELLA|1
VIEIRA|1
VIEWEG|1
VIGGIANI|1
VIGIL|1
VIGLIZZO|1
VILLA|1
VILLALOBOSGONZALEZ|1
VILLALPANDO|1
VILLALPANDODELAGARZA|1
VILLALTA|1
VILLALUZ|1
VILLANI|1
VILLARREAL|1
VILLENA|1
VIORST|1
VIRAMONTES|1
VIRTA|1
VISO|1
VISSER|1
VITALIANO|1
VOCHELL|1
VOGELAAR|1
VOGLMAYR|1
VOHRA|1
VOIDCHARLES|1
VOIGT|1
VOLAN|1
VOLDERS|1
VOLES|1
VOLK|1
VOLKMAN|1
VOLPP|1
VONBOSTEL|1
VONDRA|1
VONHITRITZ|1
VONSEELEN|1
VOORHEES|1
VORENBERG|1
VOS|1
VRADENBURG|1
VRHEL|1
VU|1
VULLO|1
VULOPAS|1
VUONO|1
WACHTER|1
WACKLER|1
WADLEY|1
WAGENET|1
WAGGONER|1
WAGHORN|1
WAGMAN|1
WAHIDI|1
WAHL|1
WAHLER|1
WAINWRIGHT|1
WAITS|1
WAKWELLA|1
WALB|1
WALBESSER|1
WALGAMOTT|1
WALKUP|1
WALLSTEN|1
WALRAVEN|1
WALSHAW|1
WALTHOUR|1
WALTMIRE|1
WALTZ|1
WALZ|1
WAMBOLDT|1
WAN|1
WANDSTRAT|1
WANNAMETHEE|1
WANSINK|1
WANZER|1
WAPLE|1
WARCHAK|1
WARCHOCK|1
WARDAK|1
WARES|1
WARLEN|1
WARNECKE|1
WARNING|1
WARSHAW|1
WARTELL|1
WASHINGTONJR|1
WASHO|1
WASKE|1
WASKO|1
WASSER|1
WASSON|1
WATERMAN|1
WATFORD|1
WATHEN|1
WATIKER|1
WATLEY|1
WATOV|1
WATSONBARTLAM|1
WAUN|1
WAXDAL|1
WAYE|1
WAYLOR|1
WAYMIRE|1
WEASE|1
WEATHERALL|1
WEATHERBEE|1
WEATHERPOON|1
WEBBER|1
WEBERG|1
WEDDING|1
WEEDEN|1
WEEMS|1
WEGMAN|1
WEHKING|1
WEHNER|1
WEICH|1
WEIDEMILLER|1
WEIDENBAUM|1
WEIHE|1
WEIKER|1
WEIMING|1
WEINGART|1
WEINGARTEN|1
WEINHAUS|1
WEINHEIMER|1
WEINMANN|1
WEINRAUCH|1
WEINSCHENK|1
WEINSTEINTULL|1
WEIS|1
WEISE|1
WEISENFELD|1
WEISER|1
WEISGARBER|1
WEISSBACH|1
WEISSER|1
WEISSMAN|1
WEITZMAN|1
WEITZNER|1
WELBY|1
WELHOFF|1
WELKER|1
WELLER|1
WELLINGTON|1
WELSH|1
WELSHII|1
WELTER|1
WEMPLE|1
WENAAS|1
WENDALLAXLE|1
WENDELL|1
WENDERLICH|1
WENDLING|1
WENG|1
WENRICK|1
WENTINK|1
WERDER|1
WERNICK|1
WERNTZ|1
WERSTLER|1
WERTHMAN|1
WESCOTT|1
WESSEL|1
WESTBROOK|1
WESTERFIELD|1
WESTOVER|1
WESTRICH|1
WESTSR|1
WETTIG|1
WHALEN|1
WHARTON|1
WHEATLEY|1
WHITACRE|1
WHITAKER|1
WHITBY|1
WHITEHOUSE|1
WHITEHURST|1
WHITEMAN|1
WHITEMOYO|1
WHITFORD|1
WHITLOCK|1
WHITMIRE|1
WHITNEY|1
WHITSON|1
WHITTINGHAM|1
WHITWORTH|1
WHYTE|1
WICHMANN|1
WICKIE|1
WIDENER|1
WIDGE|1
WIDGER|1
WIDNER|1
WIEBELHAUS|1
WIEBKE|1
WIEBRACHT|1
WIEDEMANN|1
WIEGAND|1
WIEGNERHUSAIN|1
WIEMKER|1
WIERCIOCH|1
WIERSMA|1
WIERWILLE|1
WIESNER|1
WIGHTMAN|1
WIKTOROWICZ|1
WILBERT|1
WILD|1
WILDMAN|1
WILHITE|1
WILKEN|1
WILKESCRAWFORD|1
WILKINSVEGA|1
WILLATS|1
WILLBOURN|1
WILLE|1
WILLIAMSIII|1
WILLIAMSJR|1
WILLIAMSSKINNER|1
WILLIFORD|1
WILLLIAMS|1
WILLOUGHBY|1
WILLOW|1
WILLS|1
WILLSEY|1
WILLSON|1
WILSCH|1
WILSONIII|1
WILT|1
WIMBERLY|1
WIMBUSH|1
WIMMER|1
WINCE|1
WINDHAUSEN|1
WINDLE|1
WINGATE|1
WINGO|1
WINKFIELD|1
WINNER|1
WINNJR|1
WINRIGHT|1
WINSOR|1
WINTERS|1
WIRTH|1
WISELEY|1
WISEMAN|1
WISNIESKI|1
WITKIN|1
WITTKOWSKI|1
WITTMEIER|1
WIXSON|1
WLADYKA|1
WODARSKI|1
WODRICH|1
WOEHRLE|1
WOETZEL|1
WOJDOWSKI|1
WOLFENSOHN|1
WOLFF|1
WOLFFE|1
WOLFSON|1
WOLLENSACK|1
WOLLSCHLAEGER|1
WOLONCIEJ|1
WOMACK|1
WONDERS|1
WONDRAK|1
WONGSTONE|1
WOODBERY|1
WOODCOCK|1
WOODEN|1
WOODHALL|1
WOODHAMS|1
WOODMAN|1
WOODMANSEE|1
WOODRIDGE|1
WOODRUFF|1
WOODRUM|1
WOODSON|1
WORKS|1
WORTH|1
WORTHY|1
WORTMAN|1
WOSS|1
WOUNG|1
WOZNIAK|1
WRAY|1
WROBEL|1
WRUCK|1
WUEBKER|1
WURFEL|1
WYATT|1
WYBENGA|1
WYCKOFF|1
WYLE|1
WYMAN|1
WYRICK|1
WYSOCKY|1
WYSS|1
XIA|1
XIE|1
XIQUES|1
XOLISILE|1
XU|1
XUYEN|1
YAGODZINSKI|1
YAKEL|1
YAKUB|1
YAMAGUCHI|1
YAMASHITA|1
YANDROW|1
YANIZ|1
YANOWSKY|1
YARDLEY|1
YARINSKY|1
YARKO|1
YARWOODBENSON|1
YASSA|1
YATES|1
YATTEAU|1
YBARRAREYES|1
YEAGLE|1
YEFSKY|1
YEHL|1
YEN|1
YENTZ|1
YEONAS|1
YERGO|1
YETTER|1
YEYNA|1
YEZAK|1
YGLECIAS|1
YING|1
YIP|1
YOCHELSON|1
YOHE|1
YOKELEY|1
YOKOCHI|1
YONAN|1
YORDAN|1
YORGAN|1
YORK|1
YORTZIDIS|1
YOSSINGER|1
YOUNGBERG|1
YOUNGBLOOD|1
YOUNGER|1
YOUNGJONES|1
YOUNGQUIST|1
YOUSUF|1
YOW|1
YRAZABAL|1
YRIBERRYSAAVEDRA|1
YSERNZARRANZ|1
YUE|1
YUHASZ|1
YUILLE|1
YURETICH|1
YUSUF|1
ZABIELSKI|1
ZACHER|1
ZAHIR|1
ZAHN|1
ZAIFERT|1
ZAKRESKI|1
ZALDIVAR|1
ZALDIVARCANO|1
ZAMISKA|1
ZAMORA|1
ZANCA|1
ZANE|1
ZAPATA|1
ZAPRZALKA|1
ZARCONE|1
ZARRABI|1
ZDANSKI|1
ZDIMAL|1
ZEHNER|1
ZEIGHANI|1
ZEIMET|1
ZELL|1
ZENK|1
ZENS|1
ZEPEDA|1
ZETTLER|1
ZHENG|1
ZHONG|1
ZIARKO|1
ZIBELL|1
ZICK|1
ZIEGLER|1
ZIEMBA|1
ZIESMER|1
ZIGA|1
ZIKE|1
ZIMAN|1
ZIMMER|1
ZIMMERMANN|1
ZINGLE|1
ZINKER|1
ZINTER|1
ZIOL|1
ZION|1
ZIRKIN|1
ZISOW|1
ZOCCOLARO|1
ZOELLER|1
ZOELLICK|1
ZOLKIND|1
ZONNEVILLE|1
ZOPP|1
ZORNES|1
ZOTO|1
ZRUCKY|1
ZUBERI|1
ZUCKERMAN|1
ZUKOWSKI|1
ZULUAGA|1
ZURBRIGGEN|1
ZURI|1
ZWACK|1
ZWEIG|1
